case_index,FFR,SBP,tau,DOS,lesion_length,lumen_axial_skewness,alpha,PI,pulse_pressure,lipid_length
0,0.9480679942876706,85.9,0.33,0.4473,2.2713,0.457,167.4,1.034,28.900000000000006,1.55038938
1,0.8580183564604484,138.9,0.385,0.7222,1.1852,-0.5363,194.2,1.06,56.30000000000001,0.92730048
2,0.935318301503904,125.5,0.26,0.5879,1.7148,-0.1795,142.5,1.053,35.7,1.34543208
3,0.9046089900792093,130.3,0.477,0.6478,1.8822,-0.462,254.2,1.017,55.000000000000014,0.9877785600000001
4,0.8823461077504072,134.0,0.217,0.6774,1.5069,0.3437,152.4,1.096,52.0,1.18969755
5,0.678460622481701,128.9,0.337,0.7687,2.7681,0.1658,164.4,1.192,47.2,2.2117119
6,0.9481756595528272,144.0,0.316,0.5274,2.7064,-0.051,260.5,1.01,56.400000000000006,1.62221616
7,0.8847496826902488,134.2,0.037,0.6469,1.6691,0.7472,225.3,1.16,53.39999999999999,0.99578506
8,0.8032451980032643,84.5,0.466,0.6797,2.5126,-0.4663,249.9,0.926,35.2,1.94249106
9,0.926579590907062,137.4,0.36,0.5736,2.9512,0.3464,261.5,0.96,49.60000000000001,2.25147048
10,0.9584109396674334,115.5,0.394,0.5028,1.6189,0.0762,230.6,1.15,39.400000000000006,1.03156308
11,0.7983556218150618,130.5,0.027,0.7237,2.0635,0.3341,174.1,0.97,41.3,1.48633905
12,0.8112840792769634,158.1,0.177,0.7393,1.9031,-0.6958,269.2,0.99,67.1,1.5085873699999999
13,0.9678750669206068,156.9,0.141,0.5359,1.2342,-0.5512,127.2,0.976,60.900000000000006,0.63906876
14,0.9583930571713268,165.5,0.196,0.5129,2.4758,-0.7144,197.0,0.994,77.7,1.5884732799999999
15,0.6692933028319618,74.3,0.328,0.771,1.3241,-0.3978,132.9,0.92,17.5,1.01942459
16,0.9456760461746836,128.3,0.424,0.5904,1.1268,-0.2275,128.3,1.026,42.900000000000006,0.7728721199999999
17,0.8094856345677718,76.1,0.213,0.6559,2.6686,0.1139,189.1,0.904,30.199999999999996,2.0131918399999997
18,0.9557026987151062,139.7,0.446,0.5542,1.3191,-0.3213,257.9,0.975,60.999999999999986,0.80306808
19,0.9523618983259168,115.7,0.163,0.546,1.0088,0.6662,186.7,1.011,47.8,0.6712555199999999
20,0.9657242491671696,134.3,0.19,0.5142,1.0028,-0.1031,197.6,1.132,52.900000000000006,0.6006771999999999
21,0.8967378885254297,117.8,0.423,0.6716,1.0154,-0.0213,147.7,1.062,47.2,0.6457944000000001
22,0.8945858769694714,105.0,0.046,0.6138,2.3033,0.2695,261.8,1.039,38.0,1.66966217
23,0.860402383314713,87.6,0.156,0.6362,1.8764,0.1694,216.3,0.975,37.699999999999996,1.46284144
24,0.8434000500839587,88.5,0.064,0.6622,2.1956,-0.244,148.8,0.966,28.9,1.1498357200000002
25,0.6810897766151105,108.2,0.157,0.7578,1.8463,0.6175,148.0,1.185,41.400000000000006,1.0935634900000002
26,0.9609926163909064,167.2,0.03,0.5306,1.874,-0.293,202.0,1.093,79.1,0.9726060000000001
27,0.8675928498227087,142.7,0.397,0.6974,1.7842,-0.627,194.7,0.915,43.999999999999986,1.13849802
28,0.7446964335960796,71.6,0.199,0.6959,2.6078,0.387,207.9,1.13,20.499999999999993,1.93211902
29,0.7323161600738401,152.1,0.232,0.761,2.5682,0.2362,168.0,0.914,48.39999999999999,1.42740556
30,0.8663376731040392,151.2,0.493,0.6726,2.7324,0.3315,221.2,0.924,63.79999999999998,2.1613284000000004
31,0.9288054665600588,130.6,0.048,0.577,2.588,-0.5704,256.5,1.024,41.89999999999999,1.6185352
32,0.9524713664799416,128.1,0.163,0.537,1.5194,0.6435,208.6,1.066,47.099999999999994,0.9385333800000001
33,0.7297274656264447,121.3,0.413,0.7504,2.6554,-0.3699,120.3,1.179,44.3,1.4068309200000002
34,0.905188215917294,137.1,0.327,0.6573,1.5888,0.0749,152.9,1.109,49.599999999999994,1.1715811200000001
35,0.7181524916105435,149.9,0.129,0.7628,2.8534,0.3006,156.5,0.971,50.400000000000006,2.1899845
36,0.9285402426123288,88.7,0.3,0.5972,1.0638,-0.6367,218.7,1.171,33.5,0.6344503200000001
37,0.943535267129917,126.4,0.21,0.5852,1.5213,-0.0691,233.0,0.941,37.10000000000001,1.06536639
38,0.8547404106133515,128.5,0.159,0.6955,1.2413,0.4255,172.2,1.053,45.599999999999994,0.6789911000000001
39,0.9039090493289428,124.2,0.224,0.6057,2.6596,0.3774,184.3,0.908,54.7,1.5731534000000003
40,0.9441092104227828,147.4,0.475,0.5593,2.128,0.6385,160.0,1.174,60.7,1.3708576000000001
41,0.8686582333488553,144.8,0.254,0.6784,2.4018,0.0623,212.1,1.037,54.70000000000002,1.7963062200000002
42,0.8452491596532654,121.6,0.187,0.6842,2.3519,-0.6403,157.7,0.998,53.8,1.6141089700000002
43,0.9382323971208966,110.7,0.254,0.5963,1.098,-0.4918,247.8,0.937,35.10000000000001,0.6739524000000001
44,0.7725843395930654,109.9,0.264,0.7089,2.7413,0.571,151.4,1.018,31.5,1.98607185
45,0.8677648268772312,166.9,0.265,0.6993,1.7619,0.1473,233.7,1.091,63.5,0.9924782700000001
46,0.9227883821350604,141.0,0.23,0.6045,2.1343,0.6522,163.4,0.987,46.900000000000006,1.1913662600000001
47,0.9079794747976035,164.6,0.046,0.6511,2.3252,-0.3278,255.3,1.148,59.89999999999999,1.5009166
48,0.7647039047064312,126.6,0.2,0.7291,2.9297,-0.2178,219.4,1.031,41.5,1.83633596
49,0.7444518315589546,78.0,0.313,0.7239,1.6874,-0.1356,236.6,1.04,23.799999999999997,0.89111594
50,0.8239314063702046,120.5,0.093,0.6885,2.8769,-0.3435,214.8,0.998,40.8,1.6542175
51,0.9069747817901954,154.3,0.34,0.6598,1.3539,0.2851,171.8,1.164,62.20000000000002,0.75628854
52,0.8216783933823619,115.3,0.113,0.689,2.7141,0.1303,208.2,1.044,36.7,1.9063838400000002
53,0.9500238089174868,87.0,0.347,0.4957,1.3409,0.4235,200.3,0.933,33.0,1.06534505
54,0.7849534438494867,88.3,0.067,0.7028,1.9326,-0.2632,170.4,1.154,35.5,1.40712606
55,0.8669688649725781,72.3,0.13,0.6423,1.2595,0.3481,145.7,1.056,24.199999999999996,0.8370637
56,0.7481870961468766,78.3,0.493,0.7262,1.2619,0.1787,164.9,1.193,27.799999999999997,0.83903731
57,0.7627277634632627,113.4,0.195,0.7109,2.9486,0.5445,132.8,0.967,41.10000000000001,1.47606916
58,0.9445756218469864,112.6,0.232,0.5726,1.3285,-0.3434,153.8,0.986,43.599999999999994,1.0099257
59,0.8588918066751005,138.5,0.344,0.6732,2.8836,-0.3501,177.5,1.019,54.7,2.09897244
60,0.9298507393078408,110.3,0.166,0.6028,1.2794,-0.3535,141.7,1.071,35.599999999999994,0.72657126
61,0.908013682541786,85.2,0.097,0.5281,2.939,0.4044,140.0,0.981,38.900000000000006,1.7425331
62,0.8623481544215194,132.4,0.238,0.7042,1.0482,0.5765,221.3,1.193,49.60000000000001,0.60292464
63,0.8947342355999817,139.2,0.181,0.6645,1.6842,-0.6919,165.5,1.065,63.599999999999994,0.97633074
64,0.9287728735205883,153.7,0.161,0.6142,1.4273,0.4959,201.6,1.166,68.6,1.06733494
65,0.8933270191028806,123.4,0.172,0.6257,2.1163,0.7415,143.7,1.023,52.80000000000001,1.67018396
66,0.8752243864798122,136.7,0.421,0.7005,1.0934,0.2043,225.9,1.045,56.499999999999986,0.67583054
67,0.9113191202565576,82.8,0.031,0.5651,2.0491,-0.091,121.5,1.156,29.9,1.50752287
68,0.9449669721144108,129.9,0.249,0.5287,2.5058,-0.3823,262.1,1.186,54.0,1.80016672
69,0.9144846976048414,124.4,0.374,0.6249,1.4075,0.1248,247.2,1.024,58.0,1.0421129999999998
70,0.6454398721529814,116.5,0.01,0.7787,2.2473,0.5221,238.4,1.018,39.7,1.40164101
71,0.7730291553752032,128.8,0.081,0.7219,2.9453,-0.7223,165.4,1.099,50.60000000000001,2.31264956
72,0.8481177013230905,125.6,0.02,0.6962,1.6584,-0.168,168.8,0.936,47.69999999999999,0.9476097600000001
73,0.8838845795887365,136.8,0.245,0.6284,2.9557,0.6719,217.1,0.963,59.60000000000001,1.9510575700000001
74,0.9031244160037633,134.5,0.487,0.6546,1.4184,0.568,262.3,0.91,47.8,0.7589858400000001
75,0.9504303953341204,117.9,0.308,0.4879,2.6294,0.4403,256.0,1.074,38.30000000000001,1.46010582
76,0.9066930336274666,79.5,0.132,0.5935,1.3086,-0.1052,235.3,1.173,30.9,0.9478189800000001
77,0.9173299576415116,131.4,0.17,0.6438,1.387,-0.1961,133.6,1.045,55.60000000000001,0.703209
78,0.921677255715239,110.0,0.378,0.601,1.4166,0.324,146.1,0.977,31.700000000000003,0.9322644600000001
79,0.9209676591727104,135.2,0.349,0.6406,1.0656,0.0124,128.9,0.996,56.69999999999999,0.6571555200000001
80,0.9611642246301908,162.7,0.358,0.5429,1.3233,0.3102,138.4,0.92,70.6,0.6645612599999999
81,0.943378926121028,148.0,0.076,0.5545,2.6318,0.1393,158.6,1.146,46.099999999999994,1.8719993400000001
82,0.9494739042160458,130.3,0.31,0.5336,2.1812,-0.1495,198.9,0.98,46.500000000000014,1.1268079199999999
83,0.9003552932646676,131.8,0.418,0.6219,2.7725,-0.5346,253.2,1.16,55.60000000000001,1.528202
84,0.8029411708174209,74.7,0.117,0.6755,2.0572,0.5049,212.9,0.924,15.600000000000001,1.4163822
85,0.9446681658762452,155.6,0.161,0.5477,2.8016,-0.0375,217.4,0.902,57.3,1.72914752
86,0.7438762072473644,85.9,0.411,0.7008,2.8635,0.5565,244.2,1.03,29.10000000000001,1.75618455
87,0.7191806657313854,76.8,0.433,0.7152,2.9077,-0.5678,138.7,0.982,17.9,2.0804593500000004
88,0.9207708423352576,145.4,0.243,0.6071,2.5771,-0.6171,156.7,1.197,60.0,1.45966944
89,0.8585086085055781,124.0,0.279,0.6983,1.3056,0.2115,178.1,0.971,52.8,0.88898304
90,0.8766769949524553,77.3,0.256,0.5772,2.8516,0.62,209.4,1.131,25.699999999999996,1.88975532
91,0.8245677047628355,141.9,0.498,0.7217,2.0859,-0.2087,188.8,0.902,50.5,1.14557628
92,0.932110219752588,85.6,0.206,0.5616,1.0551,0.4019,189.5,0.99,38.49999999999999,0.71472474
93,0.9498789150568324,105.6,0.4,0.4665,2.5756,0.6935,210.9,0.971,32.89999999999999,1.51161964
94,0.7881035768770884,127.6,0.406,0.7231,2.5708,-0.0284,161.1,0.901,42.8,1.8807972800000001
95,0.8887301468959116,130.0,0.458,0.6604,1.2329,0.6189,189.3,1.119,51.099999999999994,0.9663470200000002
96,0.903646989368406,148.9,0.364,0.6771,1.6433,-0.6442,233.1,0.931,44.900000000000006,0.9090735600000001
97,0.8132659503868416,70.9,0.474,0.6539,2.7268,-0.4227,221.4,1.083,16.300000000000004,1.53600644
98,0.875973288733287,115.0,0.408,0.6433,2.6526,-0.2065,169.1,0.94,41.3,1.5159609
99,0.9230100188329556,133.1,0.129,0.5886,2.6236,0.141,220.6,0.944,45.39999999999999,1.5035851600000003
100,0.9241149079186723,74.7,0.134,0.5561,1.7024,-0.5529,154.0,1.095,15.100000000000001,1.081024
101,0.8970817326543359,126.3,0.298,0.641,2.1042,0.0957,160.9,1.076,50.0,1.48535478
102,0.805582207828996,74.1,0.342,0.646,2.8589,0.5983,250.3,1.061,24.999999999999993,2.0772767400000003
103,0.9109974786555752,168.6,0.134,0.6458,1.4972,0.5948,126.2,1.141,80.39999999999999,1.12604412
104,0.9210500933971112,133.9,0.413,0.6293,1.8007,-0.4697,201.8,1.064,52.80000000000001,0.96715597
105,0.7853211962392609,73.1,0.327,0.7104,1.2103,-0.2961,226.1,1.145,26.39999999999999,0.7582529499999999
106,0.9149567554290644,122.5,0.066,0.5993,2.0983,0.5012,139.8,1.014,52.7,1.15448466
107,0.8542594200433182,106.1,0.353,0.6977,1.2803,-0.2515,183.4,1.071,39.89999999999999,0.7955784199999999
108,0.850526245414679,145.4,0.317,0.6822,2.508,0.7352,211.7,1.184,43.400000000000006,1.9670244
109,0.7536390937441552,151.4,0.196,0.7413,2.8958,0.4117,234.9,0.921,60.7,2.22455356
110,0.4259469833430795,84.7,0.061,0.7622,2.7914,0.6222,222.3,1.094,37.800000000000004,1.9955718599999999
111,0.906491731725138,121.4,0.478,0.6593,1.3123,-0.5327,256.1,1.002,50.7,0.7150722700000001
112,0.950372225760884,78.7,0.081,0.4873,1.2881,0.0257,175.8,1.072,23.6,0.84048525
113,0.9137216703849456,128.5,0.433,0.6279,1.4453,0.7099,168.4,1.001,53.3,1.06561969
114,0.6948199344790321,77.9,0.469,0.7265,2.7781,-0.1864,207.0,1.125,32.7,1.6368565199999998
115,0.8625885467295666,111.0,0.285,0.6359,2.743,0.6701,159.6,0.997,44.099999999999994,2.0366775
116,0.7930692483154281,137.2,0.4,0.7405,1.3802,0.2013,197.2,1.14,55.79999999999998,0.95150988
117,0.90378211053622,154.7,0.324,0.6463,2.5584,-0.425,204.1,1.169,56.099999999999994,1.9832716799999999
118,0.9422029462930536,165.3,0.466,0.5943,1.8757,-0.0707,149.6,1.136,67.80000000000001,1.14567756
119,0.7857402109927729,159.1,0.263,0.7552,1.6615,-0.2411,127.4,1.091,66.3,1.19312315
120,0.8859478064248063,84.0,0.122,0.6112,2.103,-0.1403,177.3,1.123,28.5,1.5154218000000002
121,0.9468247458570198,144.4,0.136,0.5231,2.9145,0.1679,171.2,1.183,54.400000000000006,2.0529738
122,0.771120756574194,139.4,0.062,0.743,2.4666,-0.3686,173.2,1.136,51.60000000000001,1.83293046
123,0.9629267241048092,108.2,0.448,0.4208,1.9534,-0.1147,233.3,0.938,33.8,1.22810258
124,0.9155255882162382,116.7,0.355,0.6316,1.1168,0.6237,124.7,1.171,44.2,0.6646076799999999
125,0.9064291911001584,168.8,0.478,0.635,2.8733,0.2189,131.4,1.046,78.30000000000001,2.29691602
126,0.7270834453963197,114.1,0.218,0.7364,2.7584,0.3942,135.9,0.96,42.39999999999999,1.92315648
127,0.9116882321162684,84.4,0.046,0.5333,2.9265,0.0567,174.3,1.033,25.400000000000006,1.802724
128,0.6485339918167876,78.5,0.288,0.7663,2.1216,-0.3561,154.3,0.99,24.799999999999997,1.1679408
129,0.9190413026159796,123.4,0.208,0.616,1.6471,0.1146,234.6,1.133,58.0,1.0417907499999999
130,0.9618915867495788,160.5,0.447,0.5454,1.447,0.4756,156.8,0.961,65.0,1.0052309
131,0.9107382204496524,126.7,0.142,0.617,2.4382,-0.3191,131.3,0.933,37.900000000000006,1.6704108200000003
132,0.9582374554157408,87.6,0.295,0.4376,1.4284,-0.5846,183.8,0.914,40.89999999999999,0.9738831199999999
133,0.9212942809822204,73.4,0.182,0.5672,1.2055,-0.3028,134.9,1.176,23.700000000000003,0.9369146
134,0.8605236435254391,140.7,0.419,0.7014,2.0374,-0.3706,262.9,1.079,40.29999999999998,1.0891940399999998
135,0.868652726182688,142.6,0.326,0.7144,1.0608,0.0496,123.2,1.13,47.0,0.8184071999999999
136,0.5551465864362621,80.3,0.075,0.788,2.8808,-0.5851,130.4,1.009,27.799999999999997,2.1268946399999997
137,0.7462264291896374,107.0,0.012,0.719,2.6107,0.6947,185.9,0.974,36.5,1.905811
138,0.9122596056140422,73.8,0.319,0.511,2.8793,-0.7035,122.4,1.089,24.0,2.26687289
139,0.9613883654844104,156.4,0.209,0.5598,1.4567,-0.539,129.8,1.184,52.5,1.06732409
140,0.9216986537034746,89.0,0.019,0.5082,2.566,0.7158,142.1,0.969,43.4,1.6135008
141,0.8152157247475036,139.1,0.434,0.7141,1.8915,0.3164,120.1,1.012,59.19999999999999,1.27732995
142,0.9461207677895248,125.3,0.018,0.5719,1.2672,-0.4161,128.2,1.111,49.7,0.8191180800000001
143,0.7818268379072637,111.4,0.329,0.715,2.0953,0.6485,269.4,1.024,38.80000000000001,1.32402007
144,0.837356399221782,76.2,0.497,0.673,1.6025,-0.4761,202.7,1.074,31.0,1.18280525
145,0.751374660810975,74.9,0.161,0.7357,1.4503,-0.5079,125.8,0.939,16.60000000000001,0.86829461
146,0.828867233414052,71.6,0.323,0.6564,2.2729,-0.2975,150.3,0.959,16.799999999999997,1.6501253999999999
147,0.7460988716916026,83.9,0.262,0.7128,1.8858,0.4209,236.2,1.11,28.700000000000003,0.9913650599999999
148,0.8954697216737988,140.0,0.345,0.6638,1.6497,-0.2859,259.8,1.175,62.400000000000006,0.9272963700000001
149,0.8834104956482781,167.9,0.439,0.6664,2.9974,-0.5218,255.6,1.178,65.2,1.5151856999999997
150,0.8916815343961385,117.7,0.367,0.615,2.8233,0.2329,132.4,1.121,50.400000000000006,1.84530888
151,0.9378539136808052,111.2,0.472,0.538,2.25,0.3197,229.1,0.938,43.10000000000001,1.6668
152,0.6772599223616608,79.7,0.029,0.7514,1.8861,-0.1271,152.1,0.949,22.0,1.40872809
153,0.9188666884333048,167.0,0.039,0.6451,1.9872,-0.4504,136.9,0.927,73.6,1.46933568
154,0.9620402121820943,150.8,0.108,0.5177,1.7705,-0.7307,215.3,1.08,47.10000000000001,1.0074144999999999
155,0.8966521914254343,149.8,0.368,0.6608,2.307,-0.5469,202.9,0.904,55.30000000000001,1.7916161999999998
156,0.8309062124215952,132.1,0.059,0.7107,2.1717,-0.588,241.9,1.093,45.599999999999994,1.1735866799999999
157,0.7936513308204698,82.0,0.011,0.6794,1.9461,0.7427,159.3,1.026,33.3,1.24530939
158,0.8401251349071601,150.5,0.057,0.6881,2.7715,0.4736,193.1,1.146,61.7,1.9915999000000002
159,0.7897399509925522,71.3,0.356,0.6762,2.4775,0.0236,221.0,0.994,16.699999999999996,1.30737675
160,0.8036799142109434,117.5,0.311,0.688,2.8561,0.6392,225.4,1.186,46.2,1.72451318
161,0.8517457682134858,132.5,0.205,0.7134,1.4379,-0.2258,254.5,0.928,44.3,0.99028173
162,0.8207260050296178,153.5,0.411,0.7339,2.1409,-0.6726,240.0,0.907,51.2,1.4080699299999997
163,0.9145749631662804,136.3,0.47,0.6513,1.4226,-0.1597,224.8,0.915,57.400000000000006,1.01118408
164,0.6766978292308945,115.8,0.18,0.7732,2.1836,0.0001,148.3,1.18,46.89999999999999,1.57044512
165,0.7998961068347337,136.5,0.493,0.7416,1.4741,0.0336,257.8,1.022,61.5,0.76977502
166,0.9317954741246168,118.7,0.298,0.5953,1.491,0.2157,150.5,0.919,50.0,0.9393300000000001
167,0.890677407985497,73.3,0.383,0.6102,1.1906,0.1345,181.0,1.145,26.799999999999997,0.9093802800000002
168,0.8000589728374149,72.8,0.167,0.7034,1.3011,-0.0757,247.5,1.158,19.199999999999996,0.9801186299999999
169,0.9397127723786752,115.7,0.148,0.505,2.9367,0.5666,182.9,1.157,40.8,2.3252790599999997
170,0.7984891413136773,83.5,0.395,0.6712,2.761,0.1886,131.7,0.938,33.5,1.4177735
171,0.929641361425962,120.4,0.262,0.5473,2.5828,0.6929,147.0,1.096,49.10000000000001,1.92263632
172,0.9358102139786432,84.2,0.174,0.545,1.05,0.103,125.0,1.114,32.2,0.661185
173,0.9255540344898184,127.5,0.089,0.5983,1.9147,-0.0796,235.1,1.03,40.5,1.39811394
174,0.7071692006360625,135.3,0.188,0.7676,2.5905,-0.5563,267.6,1.059,56.70000000000002,1.7807097
175,0.9342633298183206,137.3,0.229,0.6079,1.569,-0.1134,152.2,1.053,60.10000000000001,0.9635229
176,0.9435707897809302,89.5,0.347,0.5393,1.1884,-0.7495,180.0,1.095,30.6,0.8721667599999999
177,0.7687953509159868,108.7,0.48,0.7354,2.0704,-0.502,269.6,1.047,43.7,1.42257184
178,0.9149078835164748,128.4,0.28,0.5896,2.9641,0.3137,177.0,1.06,41.30000000000001,1.63944371
179,0.9190098837867744,73.8,0.415,0.4929,2.91,-0.2082,261.4,0.997,24.099999999999994,2.160384
180,0.9364287336750238,113.0,0.05,0.5301,2.5225,0.1277,192.6,1.137,41.0,1.45422125
181,0.9504390884562784,127.2,0.417,0.5517,1.666,-0.0927,200.7,1.051,48.10000000000001,0.8881446
182,0.9568444863490884,161.8,0.377,0.5913,1.0252,0.046,191.5,1.16,75.70000000000002,0.5437660799999999
183,0.9301297916750656,74.5,0.237,0.5224,1.9438,0.1594,257.1,1.102,14.799999999999997,1.05975976
184,0.8672022641810072,116.0,0.088,0.6686,2.1371,-0.4813,269.8,1.147,45.599999999999994,1.1865179200000002
185,0.5203476931609339,73.4,0.391,0.7941,2.8201,-0.0772,216.1,1.02,25.000000000000007,1.52934023
186,0.7351392387664859,123.6,0.028,0.7458,2.6505,-0.3401,145.9,0.937,55.0,2.0612938499999998
187,0.7371149333402992,70.7,0.335,0.6997,2.8707,-0.7353,162.9,0.979,14.600000000000001,2.23139511
188,0.8806111632937639,72.1,0.292,0.6509,1.1599,-0.5099,231.5,0.929,14.899999999999991,0.904722
189,0.78319476848894,136.3,0.388,0.7603,1.0997,-0.1389,237.2,1.138,56.10000000000001,0.60186581
190,0.9002342613126174,78.5,0.446,0.6247,1.1683,-0.1205,237.0,1.1,24.299999999999997,0.7512169
191,0.9267335993546362,110.7,0.274,0.5438,2.8303,-0.567,240.2,1.183,42.3,1.72535088
192,0.9485396817669977,130.3,0.125,0.5196,2.173,0.6417,135.6,1.162,54.60000000000001,1.5893322
193,0.7904116339557857,82.3,0.193,0.7017,1.4405,0.1516,268.0,1.089,30.099999999999994,0.80682405
194,0.927756447483652,80.5,0.124,0.4855,2.8484,-0.4184,228.1,1.138,25.1,1.51762752
195,0.9111416336943956,129.6,0.365,0.6309,1.5634,0.3113,204.2,1.183,42.3,1.10204066
196,0.7656387473414126,83.8,0.26,0.7303,1.1374,0.2315,209.2,1.008,37.599999999999994,0.585761
197,0.9128612530163654,133.8,0.23,0.6056,2.7282,0.2061,175.6,1.131,46.400000000000006,2.14327392
198,0.9328860981291528,135.9,0.193,0.6358,1.0325,-0.634,199.5,1.007,49.10000000000001,0.6519204999999999
199,0.9535160662212532,130.7,0.063,0.5264,1.8937,-0.1897,253.4,1.121,50.19999999999999,1.2625297899999999
200,0.839839582037728,131.4,0.168,0.6921,2.3607,0.1458,151.3,0.989,53.7,1.83922137
201,0.8987879164803563,169.5,0.382,0.6517,2.584,0.4456,194.3,0.993,71.5,1.8056992
202,0.9473958498581788,133.3,0.107,0.56,1.7551,-0.2482,235.6,0.954,57.60000000000001,1.04446001
203,0.8500555885237604,75.1,0.083,0.6704,1.1779,-0.145,151.8,1.194,15.199999999999996,0.68542001
204,0.951932943357074,131.0,0.122,0.5382,1.6362,0.6885,178.9,0.903,41.3,0.9779567400000001
205,0.943186656515063,114.5,0.075,0.4948,2.9775,-0.1283,141.6,1.161,35.3,2.08871625
206,0.8785548458907257,127.0,0.39,0.6412,2.9585,-0.3145,184.7,0.944,50.400000000000006,1.80024725
207,0.94804175803057,129.6,0.118,0.5916,1.1789,-0.2875,256.7,1.121,45.5,0.75202031
208,0.9298551885607932,107.8,0.402,0.5401,2.6899,-0.6027,120.6,1.063,39.7,1.8783571700000001
209,0.8389896043038975,83.1,0.412,0.6564,1.7532,0.6254,204.6,1.125,33.599999999999994,1.3799437200000002
210,0.8048459149131855,135.8,0.483,0.7463,1.275,-0.0348,169.8,0.972,48.000000000000014,0.8128124999999999
211,0.8599012106613579,120.3,0.177,0.6766,2.0559,0.1778,181.7,1.176,41.2,1.1011400399999998
212,0.8360763992911584,129.3,0.043,0.6927,2.5736,-0.3893,251.0,0.906,47.000000000000014,1.55625592
213,0.9157948703582164,118.4,0.117,0.5799,2.6193,0.331,158.9,1.102,51.0,2.00612187
214,0.7963082307921199,109.1,0.052,0.7072,2.5997,-0.613,246.7,0.985,31.89999999999999,1.3271468499999999
215,0.8615133960654662,139.9,0.103,0.7175,1.1623,-0.3743,248.7,1.146,60.10000000000001,0.68540831
216,0.9482959915497496,156.2,0.346,0.5811,1.4309,0.2197,164.1,1.19,65.99999999999999,0.81690081
217,0.8491643088440547,158.2,0.084,0.7058,1.6744,0.3972,203.1,0.967,57.599999999999994,1.09489016
218,0.9326814090974146,122.4,0.034,0.5499,2.5441,-0.005,176.0,1.118,48.10000000000001,1.9332615899999999
219,0.9019414145646052,121.7,0.488,0.6314,1.7907,0.0855,217.9,1.119,50.3,0.89696163
220,0.5834471724326601,77.4,0.23,0.7857,1.8155,-0.0135,216.9,1.084,31.400000000000006,0.91446735
221,0.9387561054655356,125.5,0.466,0.5506,2.2751,0.6509,203.7,0.95,39.8,1.4765399000000001
222,0.9132245822429677,138.0,0.166,0.6179,2.2868,0.3277,169.6,1.056,54.8,1.39014572
223,0.929831332339306,138.2,0.117,0.6074,1.284,0.4893,223.6,1.172,52.89999999999999,0.6928464
224,0.8300960760025351,166.7,0.333,0.7481,1.0782,-0.1573,246.3,1.164,64.49999999999999,0.5506367400000001
225,0.9396816682282336,119.3,0.381,0.5659,1.8382,0.2285,129.4,1.167,40.39999999999999,1.12332402
226,0.9294649076981468,168.7,0.235,0.6048,2.6794,-0.5488,258.1,1.007,72.29999999999998,1.9728422199999998
227,0.8548977121344551,107.0,0.283,0.675,2.0595,-0.2504,132.5,1.108,39.7,1.2184002
228,0.7998072197406298,78.2,0.382,0.6808,2.3107,-0.2166,230.1,1.05,28.800000000000004,1.5576428700000002
229,0.913548049444632,133.1,0.467,0.62,2.3758,-0.6862,199.6,0.945,49.5,1.4043353799999998
230,0.7788998735220731,113.5,0.22,0.7316,2.0102,-0.2327,217.2,0.927,43.8,1.2131557000000002
231,0.8862776077118701,75.3,0.109,0.6118,1.0592,0.5417,225.0,1.152,28.699999999999996,0.73656768
232,0.8820698539531198,125.8,0.077,0.6456,2.6849,-0.2375,166.3,0.949,39.599999999999994,2.02763648
233,0.8060039111060836,80.6,0.176,0.6674,2.7471,0.1163,266.7,1.063,23.099999999999994,2.02983219
234,0.7406351536332912,121.0,0.316,0.7342,2.7058,0.4823,233.5,1.165,43.8,1.58451648
235,0.9639151569994132,129.2,0.295,0.4581,2.0536,-0.5293,229.8,1.054,54.099999999999994,1.2947947999999998
236,0.8769168146770211,121.7,0.428,0.6378,2.9729,-0.1933,135.1,0.996,46.10000000000001,1.64877034
237,0.8657497389205832,148.4,0.289,0.695,2.1462,-0.4196,140.7,1.101,57.30000000000001,1.16839128
238,0.925806337319817,145.9,0.349,0.5827,2.8243,0.7043,157.4,1.161,41.30000000000001,1.5468691099999998
239,0.8989874845373945,129.5,0.058,0.6474,1.5595,0.0535,222.7,0.945,52.599999999999994,0.9004553000000001
240,0.9416322378184896,107.6,0.27,0.5664,1.3303,-0.4563,157.6,1.078,38.39999999999999,0.9181730600000001
241,0.8508959003733915,71.3,0.28,0.6282,2.1938,0.5571,132.7,1.035,12.799999999999997,1.42443434
242,0.715745995870794,89.4,0.066,0.7274,2.2097,0.6689,197.7,1.124,35.60000000000001,1.4274662000000002
243,0.9322527331244134,123.9,0.089,0.5592,2.4129,0.2387,250.5,1.135,49.900000000000006,1.8794078100000002
244,0.9110630171501922,73.1,0.476,0.5988,1.1947,-0.4002,224.7,0.91,27.39999999999999,0.7089349800000001
245,0.7541075315431485,152.1,0.244,0.7744,1.2226,0.36,153.0,1.052,61.599999999999994,0.6575142799999999
246,0.7546703935023162,73.0,0.24,0.6868,2.642,0.5274,183.1,0.905,23.700000000000003,1.7191493999999998
247,0.9510494159849344,110.4,0.482,0.557,1.3445,-0.619,225.8,1.081,31.30000000000001,0.6826026500000001
248,0.9391473519120788,166.0,0.077,0.6188,1.0052,0.5,199.3,1.135,72.3,0.7889814800000001
249,0.8965308754568014,80.2,0.263,0.5718,2.378,0.5482,183.5,1.094,25.5,1.4130076
250,0.9467412072601464,154.5,0.292,0.547,2.4319,0.7195,268.7,1.073,55.400000000000006,1.22421846
251,0.944558192941737,119.5,0.02,0.5301,2.2448,-0.3607,251.7,1.144,41.0,1.2867193600000002
252,0.6353693053150733,77.0,0.037,0.7719,1.1072,0.5393,265.9,1.072,28.9,0.6172639999999999
253,0.8035372945887652,107.7,0.295,0.7298,1.0291,0.1273,227.5,1.181,33.900000000000006,0.5914237699999999
254,0.9465389118039296,125.1,0.136,0.5699,1.4644,0.2409,190.6,1.049,42.5,0.860335
255,0.710430022840809,110.0,0.257,0.7592,2.3146,-0.397,173.7,1.009,39.0,1.32881186
256,0.9054724318964916,134.7,0.342,0.6394,2.0908,-0.0484,154.1,1.076,49.499999999999986,1.38661856
257,0.946312896604527,107.1,0.343,0.4644,2.9623,-0.5597,236.3,1.069,41.5,1.8318863199999997
258,0.963118786219209,126.5,0.29,0.5218,1.3622,-0.2751,226.2,1.184,36.900000000000006,0.88829062
259,0.8158890296683741,134.4,0.314,0.7337,1.1507,0.4851,222.2,1.019,57.30000000000001,0.89052673
260,0.8194215696216484,126.5,0.455,0.7286,1.3551,-0.2992,148.4,1.117,48.5,0.80709756
261,0.6742519990303646,136.5,0.134,0.7754,2.7892,-0.0021,267.6,1.025,56.400000000000006,1.89358788
262,0.7173612665870467,146.4,0.064,0.7521,2.8332,0.6363,263.6,1.079,54.0,1.6220070000000002
263,0.8257643986977268,162.8,0.405,0.7037,2.7546,0.7235,265.3,1.1,58.70000000000002,1.56103182
264,0.9700525595510504,141.7,0.079,0.486,1.2204,-0.6053,232.6,1.115,48.79999999999998,0.64119816
265,0.9073091182238088,124.3,0.387,0.6093,2.6441,-0.2564,175.0,1.055,48.5,1.7739266900000001
266,0.9016873179297756,150.6,0.366,0.6799,1.1443,-0.197,184.2,1.026,62.39999999999999,0.8234382800000001
267,0.9530060186794166,161.5,0.379,0.571,1.5871,0.4795,243.0,1.14,68.7,1.19270565
268,0.8588055613715966,142.3,0.098,0.6858,2.4954,-0.554,156.2,0.994,54.30000000000001,1.2836337599999998
269,0.878032984339633,117.1,0.333,0.6634,2.0728,-0.5948,136.4,1.098,43.599999999999994,1.2484474399999999
270,0.9058438192595628,140.8,0.273,0.6208,2.7835,0.2485,188.0,0.966,51.30000000000001,1.6361413
271,0.8594623467709612,84.7,0.096,0.669,1.3567,-0.2651,249.4,1.092,33.900000000000006,0.87805624
272,0.9371648617797488,157.0,0.395,0.6034,1.8196,-0.027,256.3,1.169,57.5,1.10285956
273,0.8078135586651939,80.2,0.273,0.649,2.976,0.6085,262.6,1.175,26.700000000000003,2.181408
274,0.8952931964750641,124.6,0.445,0.6651,1.2031,0.3836,207.7,1.128,52.8,0.67349538
275,0.9382519406556582,121.0,0.096,0.5607,1.7402,0.19,209.5,1.156,42.2,1.01036012
276,0.8660822521330629,83.7,0.276,0.6568,1.5577,-0.5734,248.9,1.111,34.900000000000006,1.16235574
277,0.8533179942874782,129.0,0.262,0.6846,2.0067,0.4088,249.0,1.099,51.7,1.21264881
278,0.9193804311754972,138.7,0.265,0.6042,2.0749,0.6767,266.3,0.922,60.89999999999999,1.5090747699999998
279,0.8504412449559218,127.4,0.114,0.6861,1.8348,0.6425,218.9,0.989,43.10000000000001,1.2322516799999998
280,0.8976998942818765,156.3,0.406,0.6647,1.4869,0.5304,172.6,0.949,53.10000000000001,1.0832066500000002
281,0.8910274042906299,73.6,0.043,0.5837,1.9262,-0.5174,245.5,1.11,25.699999999999996,1.2241000999999998
282,0.7213823733066587,113.7,0.457,0.7585,1.6151,0.478,148.7,1.001,44.10000000000001,1.23635905
283,0.7885072264680589,160.4,0.182,0.7566,1.6739,-0.3482,147.3,0.922,59.400000000000006,1.33476786
284,0.879014260572923,79.7,0.166,0.6053,1.6352,0.471,206.2,1.046,32.400000000000006,1.0473455999999999
285,0.9384432246457852,81.6,0.494,0.5198,1.5174,-0.066,148.6,1.153,23.099999999999994,0.8024011200000001
286,0.8714301572389982,128.2,0.19,0.6586,2.2654,0.5861,209.1,1.153,45.89999999999999,1.64536002
287,0.7605534796893282,70.5,0.375,0.6903,2.2987,0.5352,260.8,0.964,17.1,1.31623562
288,0.8546153912719692,123.0,0.197,0.6703,2.2821,0.3652,244.9,1.149,57.0,1.3439286899999998
289,0.9390064150509784,162.0,0.089,0.6415,1.2374,-0.6456,166.9,0.966,59.900000000000006,0.7461522
290,0.8498448190583948,111.6,0.106,0.6584,2.9246,-0.625,220.0,1.154,37.39999999999999,1.8258277799999998
291,0.9145549484151,150.4,0.252,0.6199,2.7167,-0.3846,142.5,0.955,55.2,1.40100219
292,0.8859817001457156,144.1,0.126,0.6973,1.0103,0.3692,259.4,1.149,48.3,0.5289930799999999
293,0.957668750496912,139.6,0.098,0.5189,1.862,0.1397,252.8,0.916,58.0,1.4460292
294,0.7809677809933647,119.2,0.335,0.7439,1.3967,0.2601,182.0,1.141,41.8,1.0359323900000001
295,0.8367999222879817,120.1,0.081,0.6834,2.5957,-0.6633,248.4,1.172,48.19999999999999,1.44762189
296,0.9556268690739528,141.1,0.138,0.5549,1.4786,-0.6892,171.4,1.044,47.19999999999999,0.83348682
297,0.8296026780947177,133.4,0.44,0.6965,2.7485,-0.0833,234.2,1.041,46.7,1.42922
298,0.9287752121784958,80.9,0.044,0.5857,1.0208,-0.2607,242.9,1.186,26.200000000000003,0.7843827199999999
299,0.7418633390360889,132.1,0.281,0.7573,2.411,-0.4991,191.7,1.116,51.0,1.6493651
300,0.8730582746564778,161.5,0.498,0.6722,2.766,0.3223,244.4,1.03,69.3,1.4911506
301,0.8335013483351225,138.3,0.307,0.7026,2.3209,0.184,155.3,0.975,54.000000000000014,1.20710009
302,0.9414553482906756,150.9,0.451,0.6021,1.5131,-0.3911,161.6,1.104,64.7,0.9520425199999999
303,0.9678097722406556,158.9,0.106,0.4547,2.3688,0.6329,175.4,0.987,56.5,1.3765096799999998
304,0.9040984942627364,130.8,0.285,0.6744,1.041,0.0048,198.3,0.918,42.10000000000001,0.6654072
305,0.8262806478119072,135.3,0.023,0.7255,1.7073,-0.4934,213.2,1.089,57.900000000000006,0.94021011
306,0.8902483882070193,112.4,0.047,0.66,1.5322,-0.1309,139.1,1.084,34.80000000000001,1.02304994
307,0.9445752759794844,168.1,0.39,0.5823,2.2031,0.1097,149.8,1.107,76.19999999999999,1.3764968800000001
308,0.8626012175463691,143.8,0.28,0.6887,2.3235,-0.2138,138.9,1.03,54.70000000000002,1.384806
309,0.9504049651389396,164.4,0.164,0.5647,1.5529,0.5406,265.5,0.995,69.7,0.78390392
310,0.931453883843291,87.4,0.481,0.5155,2.3123,-0.1122,120.8,0.942,30.000000000000007,1.6889039200000002
311,0.9240169748405176,112.7,0.47,0.5509,2.6774,0.6895,239.0,0.933,42.5,1.7925193
312,0.9481238466372908,116.0,0.246,0.5246,1.8686,-0.5825,174.9,0.981,39.0,1.14470436
313,0.9046226699834924,85.0,0.022,0.6124,1.2968,-0.7247,242.7,0.96,34.0,0.74008376
314,0.8211414917192292,137.7,0.076,0.7131,2.1867,-0.0461,174.6,1.041,56.79999999999998,1.5333140400000003
315,0.7517648982155665,149.1,0.286,0.7535,2.818,-0.5157,253.7,1.128,45.0,2.1622514
316,0.8761956896574729,134.2,0.409,0.6668,2.0785,0.3524,144.7,1.188,57.19999999999999,1.5873504500000002
317,0.9497606772361812,144.2,0.241,0.5525,1.5007,0.6133,194.0,0.993,49.79999999999998,0.8019740799999999
318,0.587207805854839,88.6,0.419,0.7861,2.0133,0.6912,130.5,0.92,28.599999999999994,1.07006895
319,0.8755894320803953,108.1,0.303,0.663,1.5858,-0.2323,197.9,1.022,41.39999999999999,1.10324106
320,0.8896993611299591,123.5,0.084,0.629,2.3632,0.4377,234.0,1.106,57.400000000000006,1.56372944
321,0.9205771949926524,150.0,0.055,0.6653,1.1559,-0.2458,188.9,0.911,47.5,0.78728349
322,0.9266769509764876,163.5,0.409,0.6318,1.7091,0.0667,169.4,1.106,59.7,1.2985741800000001
323,0.910409377404076,83.9,0.073,0.5734,1.6803,0.7202,258.7,1.059,27.200000000000003,0.8860221899999999
324,0.8715781927865867,118.8,0.41,0.6449,2.6996,0.4707,220.3,1.075,38.8,1.51663528
325,0.6894290241386857,106.5,0.372,0.7536,2.615,0.3571,157.3,1.005,29.0,1.5012715000000003
326,0.9274818134198196,118.9,0.191,0.5929,1.6767,-0.4604,259.1,0.935,51.5,0.95169492
327,0.7904563181476735,77.2,0.126,0.6768,2.0773,0.5921,257.1,1.099,31.800000000000004,1.2214524
328,0.8468449922861275,167.5,0.401,0.7178,2.1889,-0.4462,217.7,1.004,79.0,1.6307304999999999
329,0.714313856445684,85.4,0.257,0.7443,1.8493,-0.2006,170.3,0.953,38.00000000000001,1.39270783
330,0.9342133724967712,154.2,0.158,0.5989,2.3191,-0.5306,165.7,1.101,56.89999999999999,1.1913216700000002
331,0.8920824746944349,125.4,0.044,0.6443,2.16,0.1607,232.3,0.94,42.60000000000001,1.575072
332,0.9549612528939668,169.4,0.447,0.5689,1.866,-0.647,230.8,1.196,79.7,1.169982
333,0.9670438929643664,130.1,0.08,0.5074,1.1837,-0.1341,162.5,1.05,40.69999999999999,0.6841786
334,0.897888631527794,82.0,0.221,0.5768,2.3595,-0.3596,176.1,1.036,33.7,1.71087345
335,0.8852199192563427,137.0,0.14,0.6693,1.8404,-0.4689,201.7,1.123,53.900000000000006,1.1885303200000001
336,0.926209821533825,133.4,0.459,0.6336,1.1528,0.4072,221.7,1.155,47.5,0.77053152
337,0.9450366720099412,157.1,0.31,0.5745,1.9701,0.4924,196.4,0.955,67.8,1.02622509
338,0.8945025942440347,108.0,0.269,0.6488,1.8249,-0.5755,228.2,1.044,30.299999999999997,1.25790357
339,0.7962538782056907,119.8,0.281,0.7085,2.6007,0.0031,250.2,1.069,53.89999999999999,1.9190565299999998
340,0.9487655854100868,118.3,0.14,0.5077,2.0929,0.6747,137.7,1.07,44.39999999999999,1.1163528600000001
341,0.9357142579768072,115.3,0.46,0.5316,2.7874,0.1957,253.3,1.058,38.8,1.5514668399999998
342,0.9059696931018744,120.9,0.21,0.6453,1.3583,-0.1011,254.8,0.908,42.80000000000001,0.6968079
343,0.7794000465327776,138.5,0.246,0.7345,1.5906,0.5806,208.9,0.929,61.599999999999994,1.1099206799999999
344,0.8924348484904916,150.3,0.183,0.6447,2.8973,0.1702,195.2,1.117,51.000000000000014,1.8238503499999998
345,0.793822040469898,122.7,0.201,0.7242,2.3307,-0.6545,198.7,0.973,46.400000000000006,1.66365366
346,0.9409635608276034,146.8,0.482,0.5871,1.8987,-0.0887,177.7,1.126,43.20000000000002,1.0309941
347,0.9224102401738838,131.6,0.074,0.604,1.7265,0.1978,165.8,1.126,54.599999999999994,1.20181665
348,0.8685492774099954,81.3,0.453,0.6216,2.3098,0.2556,214.1,0.979,24.699999999999996,1.50968528
349,0.905657262138883,115.4,0.085,0.6195,1.8701,0.1037,162.7,1.065,35.7,1.4777530200000002
350,0.6317383885660682,87.7,0.177,0.7728,2.4157,-0.3829,224.2,1.011,40.400000000000006,1.87071808
351,0.9260947225233848,166.5,0.087,0.6008,2.9474,-0.5922,193.0,1.107,61.599999999999994,1.9753474800000002
352,0.9708774969827308,140.4,0.353,0.465,1.6822,-0.3035,267.4,1.134,40.30000000000001,0.85270718
353,0.8526348534280206,74.0,0.344,0.639,2.0609,0.0378,211.6,1.139,20.9,1.4263488900000003
354,0.9507933498723312,131.5,0.05,0.5095,2.5348,0.1117,265.7,1.012,41.900000000000006,1.3700594000000001
355,0.941295583256328,165.6,0.189,0.5724,2.6956,-0.5196,195.7,0.965,69.39999999999999,1.9227714800000002
356,0.9361908914762972,109.7,0.06,0.5446,1.945,-0.4527,137.3,0.992,41.900000000000006,1.407402
357,0.9052407730118875,157.2,0.495,0.6418,2.5269,0.1175,241.5,1.059,63.999999999999986,1.98715416
358,0.8022308120892573,113.6,0.424,0.7171,2.2077,-0.6906,152.8,0.972,42.8,1.50807987
359,0.8622513635504939,155.7,0.269,0.6985,2.2224,-0.2593,179.2,1.052,61.599999999999994,1.44500448
360,0.8795420006648167,142.9,0.21,0.6931,1.1616,0.7273,166.6,1.087,38.10000000000001,0.8011555199999999
361,0.9338012507862592,137.6,0.337,0.5861,2.2288,-0.7048,153.3,1.017,56.599999999999994,1.36781456
362,0.8713429889485917,160.0,0.282,0.6906,2.2499,-0.1223,234.0,1.15,63.099999999999994,1.1368744699999997
363,0.9358317588561448,136.9,0.223,0.6061,1.1381,0.3411,189.7,1.112,51.30000000000001,0.66487802
364,0.9111219816582924,164.6,0.251,0.6572,1.9956,-0.4944,220.9,1.192,76.19999999999999,1.50528108
365,0.9155341848823408,134.1,0.322,0.6321,1.9314,-0.7096,161.2,0.913,54.69999999999999,1.12774446
366,0.9533798181992948,130.4,0.215,0.5213,1.7124,0.354,258.3,1.012,45.30000000000001,0.9885685200000001
367,0.9301118728570138,106.1,0.219,0.5636,2.1512,0.2705,252.6,0.901,28.599999999999994,1.46087992
368,0.8808454335920153,148.6,0.228,0.6911,1.0904,0.4494,263.4,0.983,50.89999999999999,0.6704869600000001
369,0.9526394911526838,157.9,0.304,0.5867,1.087,0.1868,237.5,1.126,65.2,0.7025281
370,0.895399089274111,76.0,0.147,0.5691,2.472,-0.3641,222.6,1.112,24.9,1.7694576
371,0.565430385868472,72.5,0.247,0.7905,1.7051,0.0713,129.1,1.071,23.5,1.29894518
372,0.8793784807295034,105.3,0.107,0.6375,1.9848,0.5117,185.1,1.011,39.5,1.51221912
373,0.788597106458931,82.1,0.459,0.696,1.8547,0.0396,213.1,0.942,26.299999999999997,1.14119691
374,0.882065188200544,133.8,0.178,0.6713,2.0213,-0.6352,131.2,1.177,56.500000000000014,1.4090482300000002
375,0.5619710324797457,70.4,0.352,0.7799,2.6861,-0.0738,210.9,1.057,20.400000000000006,1.9705229600000003
376,0.8901148775652217,117.3,0.227,0.6468,1.9184,0.0641,251.8,1.197,45.8,1.0238500799999999
377,0.8729228029349269,110.9,0.462,0.6301,2.8857,0.5093,180.2,1.181,35.900000000000006,1.99834725
378,0.8112293971003988,158.5,0.487,0.7374,2.2048,-0.4152,251.1,1.169,65.1,1.70563328
379,0.944695954720523,155.2,0.277,0.5788,2.0665,-0.7076,161.3,1.17,69.89999999999999,1.6430741500000001
380,0.8538840657307902,83.3,0.018,0.6355,2.2526,0.1323,127.5,1.013,34.699999999999996,1.53987736
381,0.9170355849025478,137.5,0.291,0.6082,2.5166,0.0214,264.7,0.978,51.900000000000006,1.58017314
382,0.9199427035087095,136.1,0.235,0.6084,2.391,-0.6749,160.7,1.123,53.099999999999994,1.580451
383,0.713918399534637,86.4,0.114,0.7473,2.0229,-0.5869,206.5,1.074,28.500000000000007,1.18218276
384,0.7522689247334057,79.0,0.337,0.7252,1.9215,-0.5188,208.7,1.098,24.9,1.00014075
385,0.9342206779514924,149.5,0.019,0.6242,1.2778,0.2537,171.1,0.959,58.900000000000006,0.8263532600000001
386,0.8952412295337008,132.8,0.438,0.6429,2.1487,0.5145,133.1,0.928,45.30000000000001,1.6781347
387,0.6575140429670585,87.8,0.119,0.778,1.4118,0.1229,219.1,1.158,35.5,1.07353272
388,0.9421991189274224,156.0,0.442,0.5817,2.2138,0.2842,266.0,0.918,56.400000000000006,1.49187982
389,0.8636862414090618,82.4,0.361,0.613,2.7536,0.3622,210.3,0.952,26.000000000000007,1.6529860799999998
390,0.943417973155828,88.1,0.223,0.5257,1.2474,-0.0607,130.0,1.029,29.299999999999997,0.7228683
391,0.94813481138309,111.8,0.039,0.5387,1.6389,0.0103,183.7,0.959,35.89999999999999,1.23114168
392,0.8071963221545999,79.2,0.214,0.6718,2.622,-0.58,202.5,1.196,21.0,1.3275185999999999
393,0.9049545344125244,160.2,0.207,0.6727,1.8577,-0.7462,246.8,1.001,55.79999999999998,1.04904319
394,0.9370375838747173,126.9,0.372,0.5756,2.1128,-0.3335,258.4,0.915,44.0,1.63065904
395,0.920404360018024,127.3,0.357,0.5956,1.8303,0.5321,128.8,1.058,48.0,1.38169347
396,0.9156042496528242,167.6,0.058,0.6523,1.8668,-0.146,155.6,1.189,72.19999999999999,0.9985513200000001
397,0.9150019470434556,169.2,0.403,0.6707,1.286,0.2377,255.6,1.103,72.6,0.7100006000000001
398,0.8123657482218675,131.8,0.272,0.7101,2.4901,0.0727,184.0,1.034,52.60000000000001,1.86956708
399,0.9087468514661444,76.4,0.285,0.535,2.855,-0.5638,135.6,0.98,17.800000000000004,1.728417
400,0.8456170494825019,124.7,0.331,0.6699,2.9881,0.1759,269.4,0.906,46.10000000000001,2.09435929
401,0.6852155561347076,75.2,0.111,0.7271,2.8291,0.193,241.4,1.158,23.200000000000003,1.4456701
402,0.8167267363297601,158.3,0.045,0.7484,1.0526,0.5216,150.2,1.014,59.400000000000006,0.54672044
403,0.766995306550358,79.9,0.422,0.702,2.3536,0.0242,196.7,1.046,24.10000000000001,1.8311008000000002
404,0.7769489239437934,146.6,0.371,0.7641,1.3747,-0.4479,184.9,0.997,50.099999999999994,0.8063990200000001
405,0.9164256051943686,82.4,0.234,0.5829,1.3926,-0.0438,179.6,0.911,23.000000000000007,0.8978092200000001
406,0.9348275032531967,136.4,0.319,0.5846,2.2429,-0.6577,185.8,1.187,50.900000000000006,1.4715666900000002
407,0.7248446382224463,116.1,0.347,0.7656,1.2835,0.5246,245.1,1.143,43.69999999999999,0.8322214
408,0.9336782831338732,135.1,0.038,0.5706,1.8536,0.5079,191.0,1.198,53.89999999999999,1.2808376
409,0.6584690736722301,87.0,0.128,0.7895,1.2077,-0.5234,186.5,0.953,39.3,0.9468368
410,0.8915573826593403,135.9,0.351,0.6348,2.37,0.6782,130.3,1.108,58.400000000000006,1.551165
411,0.7536752480002752,85.8,0.457,0.7374,1.525,-0.6221,219.6,1.102,38.199999999999996,1.205665
412,0.8703693062810567,83.7,0.026,0.6167,2.2019,0.5255,146.7,0.947,27.800000000000004,1.7502903100000002
413,0.9555329478790432,160.6,0.463,0.5123,2.7378,-0.3117,163.2,1.171,75.39999999999999,1.7792962200000002
414,0.8418951165646279,109.5,0.474,0.6916,1.9787,-0.4444,120.2,0.98,43.8,1.43139158
415,0.9000594730387768,120.5,0.456,0.6066,2.6721,0.4471,206.1,1.151,54.599999999999994,1.62276633
416,0.8190588452871614,122.8,0.359,0.6956,2.6901,-0.7291,228.7,1.182,56.5,1.6463412000000002
417,0.840697597601462,88.8,0.253,0.6333,2.9321,0.0889,179.1,1.094,43.0,2.06595766
418,0.9715980227437684,158.0,0.223,0.4839,1.1085,0.3612,263.1,1.085,67.6,0.5812974
419,0.8731061005037615,129.3,0.462,0.6873,1.3733,0.4096,134.5,0.912,47.500000000000014,0.99097328
420,0.9260996116177236,112.0,0.096,0.5618,2.582,-0.5692,160.5,1.004,35.400000000000006,1.3395416
421,0.9308575464162184,131.9,0.364,0.5802,2.2563,0.4424,176.6,0.919,49.5,1.6525141200000002
422,0.9175323509777866,133.7,0.111,0.6493,1.0577,0.3796,173.1,1.02,52.19999999999999,0.6733318200000001
423,0.9562022923399608,154.8,0.392,0.5312,2.0821,0.587,120.7,0.932,58.900000000000006,1.37127106
424,0.9285445221196936,75.0,0.288,0.5032,2.2304,-0.702,154.6,0.93,24.700000000000003,1.58938304
425,0.9068798087092363,156.7,0.374,0.6268,2.9613,0.0794,206.8,1.068,60.89999999999999,1.5597167099999998
426,0.7364110045983084,72.9,0.053,0.6927,2.8652,0.6105,170.8,1.111,15.100000000000009,1.9431786400000002
427,0.8596049631805678,128.5,0.07,0.7157,1.1498,-0.7055,228.3,1.013,49.5,0.6766573
428,0.7343948275681526,113.8,0.126,0.7455,2.3264,-0.0974,268.6,1.078,39.599999999999994,1.66267808
429,0.9152542567874872,137.5,0.45,0.5975,2.8192,0.3678,210.7,1.075,57.0,1.4589359999999998
430,0.9215442403187558,110.5,0.024,0.598,1.5771,0.0061,257.4,1.199,36.099999999999994,1.12999215
431,0.895233392875288,131.7,0.109,0.6212,2.9993,-0.3256,237.9,1.12,49.69999999999999,2.07041679
432,0.9298129954189128,114.6,0.214,0.5714,2.0274,0.4219,121.0,0.978,41.19999999999999,1.56596376
433,0.954177429169358,129.7,0.258,0.5173,2.1002,0.2305,194.5,1.086,43.19999999999999,1.6014025
434,0.9368635310031072,169.1,0.415,0.6439,1.1142,-0.4051,242.1,0.95,77.3,0.84935466
435,0.9256454808672756,108.4,0.045,0.5558,2.511,0.3041,172.4,1.129,34.5,1.6527402
436,0.923621995644091,114.2,0.354,0.5969,1.8449,0.2764,238.8,0.954,39.0,1.43570118
437,0.9616326639696108,154.0,0.082,0.4925,2.2385,0.5987,146.4,0.984,60.400000000000006,1.13245715
438,0.7284816938075539,139.5,0.156,0.7699,1.8072,0.1492,145.2,0.973,50.2,1.04582664
439,0.7384451105246186,82.5,0.238,0.7382,1.6066,-0.7443,191.1,1.005,29.799999999999997,1.12204944
440,0.908247891593586,128.1,0.48,0.6196,2.5416,-0.6514,178.7,1.11,42.0,1.53944712
441,0.9539188017396404,111.1,0.418,0.4782,2.1989,0.6587,269.0,0.957,33.39999999999999,1.36727602
442,0.9667185935972592,168.4,0.426,0.5342,1.3151,-0.2842,187.0,1.065,73.9,0.75776062
443,0.8051442354335482,123.9,0.319,0.7056,2.7037,0.0686,266.9,1.108,45.60000000000001,1.73604577
444,0.9654091142642016,126.9,0.067,0.4829,1.5292,-0.0731,179.8,1.111,45.2,1.16081572
445,0.7421386451434427,108.9,0.236,0.75,1.9254,-0.6666,149.3,0.941,36.10000000000001,1.2956016600000002
446,0.9456653752018952,131.1,0.383,0.5739,1.494,-0.6708,193.4,1.032,55.099999999999994,0.9002844
447,0.9556845810208384,81.5,0.405,0.4617,1.2289,-0.2769,173.5,1.065,22.799999999999997,0.9049619600000002
448,0.8531240919127432,113.3,0.427,0.6907,1.187,0.2124,244.7,1.057,46.8,0.7459108
449,0.9194087236231788,83.2,0.189,0.5408,1.9392,0.6292,261.6,1.174,33.400000000000006,1.20695808
450,0.9459208113019496,106.4,0.147,0.5164,2.1449,-0.4287,198.6,1.192,31.60000000000001,1.2983079699999998
451,0.93853167337373,126.9,0.331,0.6037,1.0076,0.6752,196.0,0.969,44.60000000000001,0.6710616
452,0.7779162990694721,146.3,0.177,0.7476,2.131,0.0471,172.3,0.94,48.400000000000006,1.0723192
453,0.9403650316552308,114.9,0.155,0.5843,1.0959,-0.1535,146.8,1.008,46.400000000000006,0.58893666
454,0.8793446424942941,85.3,0.298,0.6013,2.5188,-0.5446,231.3,1.038,39.8,1.52840784
455,0.824779456720767,118.2,0.199,0.731,1.2168,-0.6931,247.7,1.19,47.3,0.9197791200000001
456,0.8372631290186113,112.5,0.309,0.6848,2.2211,0.2792,223.1,0.927,37.0,1.4503783
457,0.9017278355916208,81.2,0.277,0.5655,2.4938,-0.4966,156.0,0.988,29.900000000000006,1.321714
458,0.9208392378173932,105.9,0.098,0.5585,2.6258,0.5744,144.9,1.044,29.0,1.8012988
459,0.9547333179813874,131.3,0.443,0.5004,2.4686,-0.4752,139.9,1.006,45.10000000000001,1.62162334
460,0.8713423252208896,117.9,0.156,0.6611,2.2886,-0.2306,156.3,1.117,44.400000000000006,1.47660472
461,0.7918725496869298,134.7,0.18,0.7496,1.5739,-0.4006,226.5,1.006,44.89999999999999,0.8181132200000001
462,0.8123660021774981,120.4,0.258,0.7197,1.9918,-0.408,122.9,1.067,47.10000000000001,1.33231502
463,0.8545731655779951,86.7,0.312,0.6504,2.1755,-0.2192,195.8,1.031,30.300000000000004,1.44344425
464,0.9007403037648258,137.9,0.052,0.6523,1.9897,-0.4047,196.9,1.085,57.0,1.53087518
465,0.7990853859335643,81.2,0.198,0.6742,2.603,0.0882,122.8,1.118,28.6,1.4420620000000002
466,0.8669151791063541,83.1,0.269,0.6404,2.0689,-0.2903,254.1,0.936,23.599999999999994,1.1138957600000001
467,0.8917375395505983,109.2,0.204,0.6423,1.9373,-0.7415,264.1,1.092,42.60000000000001,1.0784949099999999
468,0.8022528878087035,133.5,0.332,0.7165,1.7316,0.6611,155.1,0.93,47.099999999999994,1.06735824
469,0.96309359230312,132.6,0.159,0.5151,1.2122,-0.4264,124.0,1.155,53.3,0.84757024
470,0.8509322623133598,74.2,0.203,0.6135,2.5392,0.6826,166.2,0.988,20.900000000000006,1.7063424000000003
471,0.9353113962255968,107.7,0.182,0.5849,1.2989,-0.4427,244.0,0.96,38.2,0.88818782
472,0.7285999026289244,126.3,0.029,0.7435,2.4494,0.6479,164.7,1.191,41.39999999999999,1.6986588999999999
473,0.9448510907948404,163.8,0.169,0.6345,1.0697,-0.4851,238.2,1.067,70.60000000000001,0.6186075100000001
474,0.9234039847262592,86.4,0.354,0.5951,1.2654,-0.6153,192.9,1.031,32.00000000000001,0.6719274000000001
475,0.9634323272371934,152.8,0.491,0.5324,1.3884,-0.5438,227.4,1.052,67.00000000000001,1.02630528
476,0.7184979851552051,148.2,0.357,0.7824,1.8893,-0.5618,192.0,1.074,52.79999999999998,1.3621853
477,0.7543563063898487,131.3,0.255,0.751,1.7392,0.0797,121.8,0.925,48.60000000000001,1.38109872
478,0.8182223828474544,112.3,0.416,0.7136,1.5142,-0.1779,263.2,1.173,43.89999999999999,0.8970120800000001
479,0.8457771037688502,87.9,0.225,0.6824,1.0017,0.5618,137.1,1.051,36.7,0.54071766
480,0.8964008012596444,82.8,0.144,0.5759,2.0242,0.7229,190.9,1.149,34.099999999999994,1.26735162
481,0.9661234752184475,153.1,0.439,0.4826,1.7575,0.221,154.4,1.043,64.0,1.029895
482,0.7735072328036078,119.3,0.186,0.7334,1.5986,0.2964,182.7,1.09,49.39999999999999,1.12749258
483,0.8194607583924137,75.2,0.034,0.6588,2.3643,-0.0541,146.9,1.027,21.900000000000006,1.64011491
484,0.9220627881528296,113.1,0.277,0.5763,2.3454,0.4672,150.7,1.103,37.69999999999999,1.19240136
485,0.8650990478436505,86.9,0.141,0.6395,2.155,-0.1516,146.5,0.931,29.400000000000006,1.1175829999999998
486,0.9444672963590944,146.1,0.49,0.5624,2.3941,0.2757,181.3,0.978,42.599999999999994,1.2123722399999999
487,0.8686209764506552,137.8,0.37,0.6918,1.8211,-0.2702,188.4,0.968,61.000000000000014,1.2911598999999998
488,0.9183955385771516,136.2,0.225,0.6288,1.766,0.2806,133.8,1.174,48.099999999999994,1.3276788000000002
489,0.7632359238204661,105.2,0.122,0.7258,2.3984,-0.0572,121.7,1.189,26.200000000000003,1.8146294400000003
490,0.8588151848120583,108.6,0.091,0.6575,2.558,-0.6998,130.1,1.093,36.599999999999994,1.7977623999999999
491,0.8978434159966131,113.9,0.102,0.6003,2.5656,0.7321,215.6,1.029,39.900000000000006,1.71818232
492,0.919852292724418,85.8,0.325,0.5165,2.6979,0.1631,191.3,1.14,38.3,1.9473442200000002
493,0.8837699650740837,162.7,0.424,0.7078,1.2517,-0.1919,167.4,0.97,70.1,0.80546895
494,0.905602284778372,148.7,0.467,0.6827,1.1812,-0.1291,137.8,0.917,47.999999999999986,0.86830012
495,0.8641254829663794,152.6,0.283,0.697,2.2175,-0.6431,229.2,1.177,60.599999999999994,1.2814932499999998
496,0.8562636600977221,136.8,0.31,0.7088,1.3372,-0.1371,134.2,1.115,48.20000000000002,1.03419048
497,0.8661986052800259,79.4,0.052,0.6618,1.1993,-0.2663,143.6,1.007,31.500000000000007,0.6404262000000001
498,0.7095084667230287,157.7,0.225,0.791,1.6318,-0.597,241.8,1.008,57.999999999999986,1.12235204
499,0.9274818297687968,161.3,0.37,0.5959,2.7804,-0.1938,189.9,1.167,75.70000000000002,1.4349644400000001
500,0.7091355369096953,126.8,0.287,0.774,1.834,0.031,127.8,1.156,41.8,1.0286906
501,0.661063074064305,75.4,0.033,0.7598,2.1077,-0.734,259.3,0.923,18.300000000000004,1.12024255
502,0.8948290044847648,129.1,0.396,0.6236,2.9801,0.1056,139.2,0.99,41.89999999999999,1.85034409
503,0.9686759486138714,108.5,0.193,0.4321,1.3506,-0.5416,252.6,1.064,40.3,0.8654644800000001
504,0.8825304702188331,135.8,0.025,0.6542,2.0972,0.5903,232.9,1.161,52.400000000000006,1.1838694
505,0.8764033802696334,114.3,0.153,0.6339,2.8085,-0.7122,202.1,0.986,44.099999999999994,1.98532865
506,0.8178608331168837,134.8,0.453,0.7329,1.5664,-0.6039,254.9,0.944,45.500000000000014,0.81155184
507,0.9454797952500112,119.4,0.121,0.578,1.2382,-0.0285,170.9,1.2,43.7,0.8765217799999999
508,0.8469902727988149,110.2,0.077,0.6946,1.4532,-0.2881,209.8,0.952,42.60000000000001,1.08205272
509,0.8088153086196647,124.2,0.305,0.7118,2.4732,-0.6208,166.0,0.924,49.10000000000001,1.5306634799999999
510,0.899489273963862,135.2,0.253,0.6425,1.9506,-0.019,149.1,1.041,55.599999999999994,1.28720094
511,0.7412900529307738,120.8,0.436,0.7507,1.6233,0.6007,213.6,1.164,53.8,1.24361013
512,0.8709173235182317,118.0,0.016,0.6389,2.6741,0.564,257.7,1.134,42.599999999999994,2.00370313
513,0.8686540200216545,105.5,0.23,0.6679,1.7953,-0.5109,241.0,0.908,26.799999999999997,1.15222354
514,0.9330260006845202,156.5,0.389,0.6095,1.9409,0.2989,156.1,1.034,64.8,1.07622905
515,0.8018174716401536,135.4,0.416,0.7325,1.4636,0.6616,202.3,1.1,50.5,0.7490704800000001
516,0.8360761703330796,106.2,0.299,0.7024,1.5759,-0.7485,260.6,1.0,35.10000000000001,0.99880542
517,0.9632778177553254,140.1,0.108,0.5555,1.0137,0.0765,176.4,1.129,40.19999999999999,0.55520349
518,0.9247781766422272,118.1,0.363,0.6274,1.1218,0.0296,146.0,1.151,48.099999999999994,0.75642974
519,0.72267609628746,122.1,0.108,0.7626,1.6102,0.0997,141.0,0.934,54.099999999999994,1.1775392599999999
520,0.962944868606906,125.4,0.3,0.4983,1.5707,-0.0646,223.7,1.132,40.80000000000001,0.86969659
521,0.8210381074122087,82.2,0.039,0.6632,2.1679,0.4358,130.7,1.048,30.700000000000003,1.5944904500000001
522,0.8834562373048085,149.7,0.085,0.6748,1.7458,0.5519,180.4,1.023,56.599999999999994,0.9523339
523,0.8847091913962896,77.8,0.308,0.6275,1.1575,-0.003,228.9,1.033,31.9,0.7581625
524,0.7969793807186569,72.6,0.091,0.6875,1.8371,-0.1191,159.4,0.916,25.599999999999994,1.32767217
525,0.8686674868185693,148.1,0.2,0.667,2.9522,-0.0401,179.4,1.077,54.3,1.4790522
526,0.8760286410661876,133.5,0.376,0.6691,2.3898,-0.7157,183.3,1.047,46.5,1.71157476
527,0.7956009526536849,126.7,0.113,0.7111,2.6394,0.3268,246.1,1.013,45.400000000000006,1.8243532800000002
528,0.8503394916907326,108.5,0.364,0.6665,2.2857,0.3793,223.9,0.991,37.900000000000006,1.2701634899999998
529,0.8248599600817241,132.2,0.011,0.7273,1.6265,-0.3049,239.5,1.004,42.29999999999998,0.9732976000000001
530,0.9353978357331538,81.5,0.36,0.4797,2.3369,-0.6266,236.7,0.996,33.9,1.29955009
531,0.944490829151194,146.5,0.26,0.5753,1.9644,0.1731,140.4,0.91,56.599999999999994,0.9851465999999999
532,0.9606789313848204,107.5,0.389,0.4942,1.4434,-0.6969,182.3,1.05,34.599999999999994,1.05267162
533,0.8646033342266078,120.0,0.289,0.6614,2.405,0.102,122.0,1.142,50.8,1.7010565
534,0.8743917651332878,86.2,0.094,0.6213,1.8598,0.7144,231.2,0.991,28.200000000000003,1.05208886
535,0.6978329254902058,72.0,0.471,0.7228,2.329,0.5287,147.5,1.041,24.6,1.7665465
536,0.9483127851851564,131.2,0.12,0.5965,1.134,-0.4799,251.5,0.947,48.099999999999994,0.7576254
537,0.908134899530066,134.3,0.057,0.6158,2.5003,-0.0415,211.1,0.937,54.400000000000006,1.91147935
538,0.9149774452143052,109.3,0.265,0.6175,1.5319,-0.367,178.6,1.199,38.39999999999999,1.0121263299999999
539,0.8873535613129633,132.6,0.381,0.6369,2.903,-0.2288,215.2,1.072,52.19999999999999,1.6178419000000002
540,0.80244728254525,89.8,0.388,0.685,2.4249,-0.3455,240.5,1.003,43.699999999999996,1.83613428
541,0.9235277186675938,154.9,0.451,0.6005,2.9201,0.2872,240.1,1.179,51.900000000000006,1.8913487700000002
542,0.9326271291851796,119.7,0.074,0.5893,1.7822,-0.6657,232.2,0.921,45.2,0.9566849600000001
543,0.843296342905092,135.0,0.316,0.7098,1.4668,0.4429,260.3,0.962,55.0,0.9102960800000002
544,0.953396199208607,126.1,0.151,0.5259,1.8051,0.1913,240.7,1.081,47.8,1.39823046
545,0.753993082944516,117.4,0.38,0.7386,2.4411,-0.4357,157.1,0.935,51.2,1.27449831
546,0.9219330373515486,153.4,0.016,0.5924,2.9673,-0.3468,206.3,1.128,63.2,2.3394193199999997
547,0.7342318432939678,159.7,0.303,0.7614,2.6934,0.1309,162.8,1.137,63.999999999999986,1.4266939799999998
548,0.6653116158521157,75.7,0.048,0.7387,2.8148,-0.0788,136.6,0.992,27.200000000000003,2.02637452
549,0.8556083909052248,75.6,0.422,0.6067,2.9401,0.4659,245.4,1.187,20.099999999999994,2.10746368
550,0.6962574800299568,76.8,0.059,0.7526,1.6327,-0.565,144.0,1.184,18.5,0.90223002
551,0.7348241230048183,80.9,0.426,0.718,2.5378,-0.3098,159.6,0.923,26.400000000000006,1.8492948599999999
552,0.9642812406459712,130.8,0.471,0.4902,1.4601,0.1982,247.5,1.118,41.60000000000001,0.85182234
553,0.8982868935912953,145.5,0.301,0.6698,1.7992,-0.1173,243.2,1.102,45.099999999999994,0.9211904
554,0.9429260570434962,169.7,0.059,0.5465,2.9849,0.5328,142.3,1.097,79.29999999999998,1.59901093
555,0.8919025612049237,160.7,0.422,0.6806,1.7743,-0.3884,168.2,0.905,65.79999999999998,1.3378222
556,0.8119688613404473,138.2,0.031,0.7154,2.1634,0.2507,208.5,1.157,61.69999999999999,1.6943748800000002
557,0.8080435161159647,79.5,0.101,0.698,1.2313,0.3845,164.2,1.015,29.1,0.83322071
558,0.7503592645359568,80.8,0.439,0.7047,2.5426,-0.0865,191.9,1.163,35.4,1.6117541400000002
559,0.8959172674280104,138.8,0.352,0.6759,1.2431,0.2257,141.2,1.142,59.30000000000001,0.8143548100000001
560,0.9090284972560996,109.7,0.229,0.5815,2.4609,0.7011,192.2,1.056,42.0,1.3901624099999998
561,0.7408103347784822,129.1,0.397,0.7544,2.4211,-0.6303,187.5,0.911,48.8,1.78144538
562,0.8819270413157928,87.2,0.4,0.6137,2.3053,0.1847,149.5,0.951,27.900000000000006,1.8269502499999999
563,0.8733095788837485,153.9,0.024,0.7022,1.4142,-0.2365,126.9,1.06,53.60000000000001,0.7718703599999999
564,0.6488982629366908,72.0,0.024,0.753,1.6965,0.7498,214.0,0.926,21.299999999999997,1.0567498499999999
565,0.7312628270884348,128.0,0.39,0.7679,1.54,0.3189,201.0,1.175,44.400000000000006,1.176868
566,0.8948727919472362,155.9,0.321,0.7013,1.133,-0.6376,264.6,0.95,68.2,0.6973615000000001
567,0.9078633621468776,143.5,0.028,0.6192,2.7925,0.1067,214.2,0.925,46.5,1.9645237500000001
568,0.8180904641076995,118.5,0.064,0.7158,1.3982,0.4806,168.5,1.014,49.900000000000006,0.9707702600000001
569,0.8788735157579107,136.6,0.496,0.6684,2.1262,-0.0238,133.3,1.048,60.5,1.64312736
570,0.952839750302451,109.6,0.144,0.4752,2.382,-0.5003,175.2,0.946,34.099999999999994,1.2948552
571,0.909466477238561,114.4,0.037,0.5926,2.6644,-0.2814,230.2,0.932,38.2,1.4081354
572,0.9223450987919188,163.6,0.354,0.6371,1.3278,0.6107,141.4,1.198,63.599999999999994,1.00633962
573,0.8430736360177513,143.2,0.05,0.6982,2.1775,0.4836,180.8,1.096,42.599999999999994,1.5795585000000003
574,0.9300795290722096,77.1,0.122,0.5747,1.0263,-0.2389,267.1,1.032,26.199999999999996,0.5848883699999999
575,0.896679943593115,165.4,0.359,0.6802,1.8173,-0.1504,194.9,1.086,70.5,1.43330451
576,0.7390343747698258,72.2,0.228,0.7172,1.4553,0.4576,129.7,1.084,18.300000000000004,0.73376226
577,0.8749102565255529,129.8,0.034,0.6812,1.5444,0.1754,196.1,0.968,51.900000000000006,0.94486392
578,0.9325622732589498,121.9,0.057,0.5417,2.8364,-0.3554,147.2,1.2,44.60000000000001,2.07964848
579,0.9480473203946864,144.7,0.212,0.558,1.9603,-0.5242,142.7,1.191,50.39999999999999,1.3978899299999998
580,0.8826804371025961,153.7,0.073,0.6677,2.5286,-0.4667,121.3,0.903,61.39999999999999,1.64055568
581,0.7971286805936689,79.8,0.164,0.6854,1.6544,0.2532,206.7,1.076,32.199999999999996,0.9248096000000001
582,0.9457395289304424,152.9,0.32,0.5731,1.5098,0.6354,186.4,1.134,52.0,1.03844044
583,0.918640712655832,86.5,0.265,0.5458,2.1232,0.5776,223.3,1.145,32.6,1.2569344
584,0.8821858134219915,159.5,0.042,0.6943,1.8222,-0.4416,170.0,1.032,61.0,0.97724586
585,0.8769331710367203,78.1,0.269,0.5794,2.9783,-0.0986,145.6,0.967,28.999999999999993,2.37281161
586,0.8889287708872329,132.4,0.13,0.6445,2.5312,-0.0688,154.9,1.194,46.60000000000001,1.4275967999999999
587,0.9393078071123324,161.6,0.122,0.6121,1.5644,0.3384,176.3,1.12,64.19999999999999,1.06832876
588,0.7777623618658044,86.1,0.087,0.6936,2.7347,-0.3788,212.6,1.139,27.299999999999997,2.18283754
589,0.9502250105430654,131.0,0.453,0.5292,1.9626,-0.1333,212.3,1.113,50.2,1.5375008399999999
590,0.9250156242057268,78.9,0.443,0.5637,1.4891,0.0449,255.3,1.131,22.800000000000004,0.77820366
591,0.8361333904556203,145.0,0.264,0.7313,1.6019,-0.4815,249.6,0.955,45.099999999999994,0.9579362
592,0.9539797171445034,111.3,0.118,0.4706,2.2362,0.43,235.9,1.097,42.2,1.38599676
593,0.952005966373337,155.7,0.204,0.5628,1.7297,-0.212,133.8,0.919,62.599999999999994,1.16374216
594,0.8885759829510428,82.9,0.498,0.5864,1.7173,0.7053,153.7,1.165,36.400000000000006,1.23594081
595,0.8991548950508693,114.7,0.407,0.6207,2.2798,0.3664,249.5,1.143,38.60000000000001,1.7540781199999997
596,0.894023801060743,80.0,0.424,0.6153,1.5945,-0.0312,249.9,1.078,25.799999999999997,0.8632623
597,0.8915989273553279,143.1,0.33,0.682,1.5508,-0.4959,199.0,0.951,41.89999999999999,1.15643156
598,0.6419809851980409,73.7,0.431,0.7607,2.3497,-0.4878,218.2,0.984,20.900000000000006,1.4645680099999998
599,0.8474522299296486,106.9,0.489,0.6628,2.8023,-0.4127,228.0,0.9,34.10000000000001,1.98458886
600,0.8520686325784204,86.6,0.089,0.65,1.7356,0.0926,263.4,1.177,35.699999999999996,1.31489056
601,0.9020528761355394,114.2,0.174,0.6285,1.8945,-0.5972,193.8,1.143,40.10000000000001,1.41727545
602,0.9550392027733532,106.0,0.392,0.4721,2.1424,0.5727,214.5,1.116,28.200000000000003,1.09605184
603,0.8058266419827771,71.8,0.403,0.683,1.4395,0.0914,142.0,0.922,25.5,0.8182118
604,0.8645394878164769,164.7,0.02,0.7124,1.7694,-0.7206,199.1,1.128,70.99999999999999,1.09065816
605,0.9131071923352736,81.1,0.103,0.6098,1.0894,-0.7083,185.4,1.194,34.699999999999996,0.7973318599999999
606,0.9714811327555442,156.6,0.428,0.4691,1.5117,0.0185,216.5,1.123,59.69999999999999,1.07406285
607,0.9311959605863132,105.1,0.024,0.5882,1.3386,0.2585,247.2,1.048,36.19999999999999,1.01238318
608,0.8016338761434245,86.1,0.16,0.7101,1.3656,-0.4113,224.5,1.076,30.799999999999997,0.7767532799999999
609,0.9524165967814134,134.5,0.145,0.4958,2.8078,-0.5411,230.3,1.115,44.5,1.9926956599999999
610,0.9316216624328708,132.9,0.257,0.592,1.9296,-0.6407,250.4,0.961,51.60000000000001,1.46418048
611,0.9540409867179194,158.4,0.036,0.5183,2.7119,-0.2015,195.6,1.08,57.900000000000006,2.0306707200000003
612,0.8906368500650039,162.2,0.116,0.6472,2.9699,0.0597,166.8,0.965,72.79999999999998,2.15941429
613,0.9303388784398708,79.3,0.206,0.5532,1.4703,-0.4312,214.9,0.921,27.599999999999994,0.8604195600000001
614,0.8398776657538772,123.8,0.163,0.7091,1.6936,-0.2033,207.5,0.977,45.7,1.05697576
615,0.9107196893276616,126.0,0.498,0.6329,1.5835,0.4341,144.4,1.105,50.599999999999994,0.9233388499999998
616,0.9296226478037356,140.3,0.388,0.6233,1.7677,-0.308,208.3,0.93,45.20000000000002,1.4001951700000002
617,0.9144224229253298,145.0,0.431,0.6555,1.5812,-0.3176,244.2,1.012,59.0,1.1068399999999998
618,0.8257281662828767,80.1,0.106,0.6644,2.1329,0.0432,171.5,0.925,29.699999999999996,1.3072544099999999
619,0.5972275281421101,116.2,0.072,0.7958,2.5475,0.2913,189.8,1.08,38.3,1.99189025
620,0.9471652087434314,161.8,0.061,0.5888,1.7226,0.1721,172.7,0.963,62.60000000000001,1.2962565
621,0.9198599349604376,130.1,0.232,0.5981,2.5932,-0.6752,217.6,1.04,41.099999999999994,1.6124517600000001
622,0.9243662324705116,127.1,0.437,0.5999,1.9488,-0.5324,174.7,1.104,50.39999999999999,0.97849248
623,0.7440632733559781,138.8,0.404,0.7835,1.2485,-0.6979,223.4,0.989,57.20000000000002,0.71851175
624,0.8256301460737631,135.1,0.194,0.7369,1.2527,-0.2233,203.9,1.143,49.8,0.95793969
625,0.9416175584809926,151.9,0.027,0.6305,1.1109,-0.6832,205.7,1.042,61.0,0.83139756
626,0.9509371845339414,112.1,0.062,0.542,1.3826,0.0079,213.3,1.067,40.599999999999994,0.8136601000000001
627,0.6748882717783309,114.8,0.45,0.7771,1.5363,0.3285,212.1,0.985,37.7,1.06788213
628,0.6990647834545516,74.0,0.461,0.707,2.8619,0.7301,207.8,0.995,26.9,2.14556643
629,0.9325981135288924,167.6,0.299,0.6373,1.5402,-0.1475,134.7,1.125,77.8,0.96354912
630,0.8714148881409907,88.2,0.179,0.6528,1.6622,-0.6689,267.2,1.09,36.300000000000004,1.1251431799999998
631,0.8467371167237985,112.8,0.384,0.6757,2.4816,-0.4903,258.9,0.986,42.8,1.30308816
632,0.8715779571501674,76.9,0.34,0.6266,2.0447,-0.4328,240.3,1.15,24.60000000000001,1.32353431
633,0.6898428098260581,75.7,0.21,0.7424,2.3738,-0.5266,253.5,1.02,21.200000000000003,1.2056530200000002
634,0.9355859549935066,147.2,0.149,0.5674,2.8132,-0.5054,131.9,0.936,53.69999999999999,1.4530178
635,0.9256480606752204,122.0,0.26,0.6016,1.5271,0.4267,198.0,0.981,56.3,1.12791606
636,0.665546082852274,79.1,0.015,0.7392,2.4422,0.6563,190.8,1.148,26.999999999999993,1.6948868
637,0.9536777731545608,137.6,0.014,0.5342,1.7196,-0.3226,253.0,1.178,50.3,1.3242639600000001
638,0.831159013717871,109.4,0.207,0.678,2.451,0.5362,264.4,1.021,30.0,1.6723173
639,0.6989606832019742,76.4,0.453,0.7472,1.4249,0.5494,184.5,1.127,19.500000000000007,1.0216533
640,0.8676262075923393,123.7,0.02,0.6591,2.4182,-0.1766,237.3,1.115,55.400000000000006,1.487193
641,0.9294523970608506,124.8,0.434,0.6263,1.0313,-0.2954,231.0,1.087,51.099999999999994,0.5423606700000001
642,0.9526896612817244,139.6,0.2,0.5705,1.2555,0.1206,234.9,0.992,63.8,0.9305766
643,0.956247734888997,116.2,0.44,0.4798,2.1184,0.4868,169.3,0.941,41.0,1.09055232
644,0.6836501036769813,130.6,0.393,0.7802,1.3179,0.6817,150.9,1.061,44.0,1.04535828
645,0.8953283529886942,84.8,0.429,0.59,2.2324,0.3989,216.2,0.984,28.599999999999994,1.54660672
646,0.7043951615610232,74.6,0.056,0.7248,1.7219,0.589,123.4,0.998,24.39999999999999,0.8736920599999999
647,0.9542424180339864,159.1,0.237,0.5425,1.7259,0.3823,171.7,1.057,72.69999999999999,1.1939776199999999
648,0.8959709757265474,168.3,0.156,0.6877,1.6406,-0.3722,207.3,1.107,82.00000000000001,1.0491637
649,0.8957864344475979,139.0,0.283,0.6436,2.4235,0.1503,219.6,1.0,52.900000000000006,1.38115265
650,0.927796803068358,106.7,0.057,0.5568,2.242,0.3921,246.5,0.999,35.10000000000001,1.7548134
651,0.921602893003952,84.6,0.282,0.5435,1.9749,-0.6849,228.8,0.994,31.999999999999993,1.1395173
652,0.9332626859494,167.8,0.133,0.6087,1.9106,0.4991,139.6,0.926,80.50000000000001,1.43466954
653,0.8956481578443478,134.7,0.402,0.6515,2.1641,-0.17,215.8,1.018,52.599999999999994,1.69275902
654,0.9444027147317816,119.1,0.349,0.5488,1.5468,0.2783,127.2,1.004,42.69999999999999,1.03202496
655,0.940158915443136,125.9,0.464,0.5805,1.88,-0.3572,140.9,0.958,36.2,1.496292
656,0.8886790613786791,85.1,0.351,0.5919,2.4376,0.4947,210.5,1.042,27.799999999999997,1.7402026400000001
657,0.8438287106470445,140.9,0.035,0.6948,2.6343,-0.2735,215.0,0.91,43.7,1.8690358500000002
658,0.7135159280770538,132.4,0.104,0.7564,2.844,-0.6563,176.8,1.059,54.7,1.7777843999999998
659,0.8776602489477464,89.4,0.332,0.6342,2.0057,-0.3008,126.5,1.073,34.400000000000006,1.28826111
660,0.9275015105150306,128.7,0.304,0.64,1.1475,-0.4534,239.1,1.135,50.599999999999994,0.7463339999999999
661,0.9348434739984004,164.0,0.065,0.5911,2.448,-0.5899,177.1,0.95,76.6,1.7596224
662,0.7732038105728378,115.6,0.214,0.7195,2.6565,0.2494,180.7,0.976,38.89999999999999,1.4661223499999998
663,0.9194699047637144,116.9,0.324,0.5945,2.2959,-0.6003,154.8,1.013,43.60000000000001,1.55133963
664,0.9558032438441784,135.7,0.041,0.5761,1.0181,-0.3304,233.6,0.982,55.099999999999994,0.65962699
665,0.8386345047600113,123.2,0.248,0.6682,2.9577,0.4624,178.5,0.991,50.8,1.68736785
666,0.779728710902085,131.2,0.475,0.7282,2.666,-0.1039,126.8,1.12,47.099999999999994,1.748896
667,0.8176590289192875,121.2,0.225,0.7183,1.5434,0.1563,195.1,1.163,55.900000000000006,0.93113322
668,0.8308112910906785,118.7,0.241,0.7038,2.0319,-0.5496,245.2,0.907,51.0,1.5241281899999999
669,0.9314128502197334,75.8,0.227,0.5363,1.5043,-0.5725,158.3,1.178,18.799999999999997,1.03059593
670,0.9323894543395654,122.6,0.032,0.6031,1.3697,-0.1075,243.8,0.954,56.0,0.9583790899999999
671,0.8732030301893344,70.6,0.489,0.6177,1.7971,0.3073,161.9,1.113,19.89999999999999,1.1400802399999999
672,0.9283822539595552,118.2,0.169,0.6077,1.3674,0.266,124.5,1.095,43.60000000000001,0.8483349599999999
673,0.8440128681230029,118.9,0.431,0.7094,1.1739,-0.0841,173.3,1.078,45.80000000000001,0.68931408
674,0.8279749057171955,143.7,0.332,0.7129,2.5033,-0.5068,248.7,0.948,52.19999999999999,1.5893451699999999
675,0.830273196384521,88.5,0.184,0.6888,1.4696,-0.4373,124.1,1.114,36.3,1.01608144
676,0.952115826590288,146.2,0.094,0.5901,1.1292,-0.0432,143.0,1.038,60.39999999999999,0.67955256
677,0.9380045729138136,142.1,0.417,0.6171,1.4582,-0.6789,186.1,1.088,38.8,1.14862414
678,0.957664266633401,134.9,0.267,0.4917,2.4024,-0.2112,225.5,0.943,46.10000000000001,1.3071458400000002
679,0.761611671356293,140.2,0.071,0.7396,2.7009,0.2074,123.1,1.163,39.39999999999999,1.9530207899999998
680,0.9400879512983422,151.9,0.238,0.5843,1.7493,0.4683,264.8,1.198,49.30000000000001,1.2460263900000002
681,0.9233969714204476,129.5,0.443,0.6221,1.4987,0.4917,194.8,0.964,41.099999999999994,1.11788033
682,0.9482784289267876,89.1,0.305,0.4767,1.9571,-0.1583,247.0,1.006,29.299999999999997,1.55315456
683,0.9258310814378716,126.3,0.227,0.6028,2.0321,-0.4231,213.6,1.027,46.2,1.381828
684,0.9012386402656092,70.7,0.366,0.5874,1.7801,-0.0994,175.2,1.176,15.400000000000006,1.06930607
685,0.835029040616133,137.9,0.032,0.7349,1.2273,-0.5134,157.0,1.0,52.80000000000001,0.7842447
686,0.750205473662923,139.3,0.334,0.7688,1.2689,0.4979,158.1,1.055,52.500000000000014,0.8074010699999999
687,0.7528659426072303,111.9,0.312,0.7296,2.4982,0.2946,207.3,0.961,35.900000000000006,1.5758645600000003
688,0.7624289387845913,85.3,0.317,0.694,2.847,-0.1849,138.5,1.077,38.5,1.9553196
689,0.9063500480626724,139.6,0.185,0.6324,2.1562,0.4286,180.5,1.187,53.69999999999999,1.28703578
690,0.8005436476300521,116.5,0.272,0.706,2.3784,0.4063,201.0,0.945,43.3,1.5909117600000002
691,0.9448032982611092,167.3,0.272,0.5679,2.641,-0.2429,269.9,1.189,65.50000000000001,1.6062561999999998
692,0.6436516404679883,70.2,0.369,0.7449,2.9163,-0.4553,219.8,0.912,13.5,1.75590423
693,0.9740851488322816,160.8,0.13,0.4897,1.1658,-0.1549,186.3,1.191,69.20000000000002,0.84194076
694,0.8232766669261555,136.0,0.203,0.7279,1.7479,-0.4719,126.3,0.974,56.3,1.1378829000000001
695,0.8847012818867397,170.0,0.48,0.6655,2.9354,0.0355,151.9,1.138,67.1,1.9714146399999999
696,0.7908825849733032,107.3,0.242,0.7333,1.3851,-0.0081,182.7,0.928,39.8,1.09395198
697,0.8245217147139184,117.5,0.176,0.7081,2.0644,-0.2727,135.8,1.091,38.7,1.40296624
698,0.8122052395741386,145.2,0.091,0.7226,2.2762,0.2166,224.3,1.015,43.69999999999999,1.2443985399999997
699,0.5832831481923153,75.9,0.284,0.7849,1.4031,0.544,131.6,1.062,29.000000000000007,0.84200031
700,0.8962290591803028,115.0,0.136,0.6162,2.5481,0.1828,266.2,0.923,43.099999999999994,1.8993537399999998
701,0.9390640379925176,117.6,0.251,0.5504,2.2109,-0.188,252.2,0.934,40.3,1.1560796100000001
702,0.8685510895188686,123.1,0.161,0.6736,1.9922,-0.1106,227.6,1.114,50.099999999999994,1.17719098
703,0.9032197390179588,106.6,0.291,0.6299,1.9689,-0.3766,252.0,1.137,27.0,1.30656204
704,0.972039897138952,164.0,0.228,0.4815,1.5343,-0.1984,260.1,0.957,76.9,0.81640103
705,0.9480828654694584,152.3,0.114,0.5404,2.5609,-0.0321,161.5,1.029,59.80000000000001,1.7444850800000002
706,0.7340973904197927,89.8,0.077,0.7011,2.8861,0.7184,134.3,0.907,38.599999999999994,1.62083376
707,0.8935847829090058,111.5,0.446,0.6182,2.6623,-0.18,242.1,1.162,36.8,1.81142892
708,0.8583679198997862,168.9,0.486,0.6988,2.4638,0.0554,123.5,0.972,72.30000000000001,1.58644082
709,0.8800659106284874,81.8,0.337,0.6553,1.0764,0.0277,213.9,1.051,23.5,0.76736556
710,0.9088469900604648,70.1,0.465,0.5906,1.1964,-0.6693,132.0,1.127,24.999999999999993,0.69439056
711,0.8840419988206195,168.0,0.436,0.6552,2.9953,0.4543,136.2,1.037,79.1,2.31147301
712,0.9507578387708182,112.9,0.13,0.4598,2.7202,-0.1254,218.0,1.062,46.10000000000001,1.36037202
713,0.8739740134064918,136.4,0.016,0.6661,2.2813,-0.0627,173.7,0.999,60.0,1.8090709
714,0.8225548828052924,105.7,0.183,0.6819,1.7118,0.7407,178.0,1.085,35.900000000000006,0.90571338
715,0.8238661666722886,87.4,0.155,0.6476,2.7973,0.6555,187.7,1.13,29.300000000000004,1.93908836
716,0.9567942840463134,119.1,0.395,0.5483,1.0226,-0.7242,129.6,1.097,42.3,0.73381776
717,0.8608472062904676,133.0,0.091,0.6532,2.9014,0.6028,227.8,1.025,54.599999999999994,1.9047691
718,0.8513394047629737,125.0,0.112,0.6612,2.4783,0.7373,210.2,1.195,55.900000000000006,1.4408836200000001
719,0.7464658123593945,85.7,0.158,0.7204,2.3857,-0.6612,218.8,0.963,30.700000000000003,1.89830149
720,0.8784025103411018,116.7,0.135,0.6521,2.3393,-0.5782,185.4,0.942,41.400000000000006,1.7802073
721,0.9089777673196568,74.9,0.138,0.5782,1.4765,-0.7432,234.6,0.913,28.700000000000003,0.8931348499999999
722,0.9325563689995624,159.4,0.149,0.6229,1.7866,-0.0243,190.1,1.039,61.30000000000001,1.42409886
723,0.9131574879034832,165.0,0.46,0.6639,1.2247,0.615,145.5,1.179,77.1,0.6260666399999999
724,0.8780729510705693,81.8,0.04,0.589,2.8109,-0.3205,254.3,1.147,29.4,1.8700917700000002
725,0.8591083112765899,151.1,0.247,0.7234,1.4002,-0.4838,232.7,1.198,54.3,0.78299184
726,0.924610934252427,133.7,0.492,0.6106,1.789,-0.2914,235.5,0.958,57.19999999999999,1.1982722
727,0.8550718884155178,169.5,0.051,0.6857,2.9861,-0.1418,141.9,1.109,82.5,1.97172183
728,0.9056727134715,137.2,0.488,0.6306,2.4655,-0.2623,147.8,1.109,53.69999999999999,1.74483435
729,0.8961165890012468,76.6,0.386,0.5786,2.3342,-0.6502,242.7,1.134,23.599999999999994,1.79476638
730,0.7866380852946323,136.1,0.278,0.7301,1.6247,0.5379,152.5,0.97,57.69999999999999,1.06385356
731,0.959197265082965,128.9,0.404,0.4499,2.7229,0.6336,190.3,0.901,45.5,1.4649202000000001
732,0.9350460701529052,115.2,0.288,0.5531,2.3865,-0.2148,245.6,1.028,35.3,1.5583845
733,0.7260663154289954,81.4,0.108,0.7559,1.2189,-0.5987,218.5,1.157,33.60000000000001,0.69916104
734,0.7951578118397341,149.3,0.038,0.7492,1.6905,-0.7392,191.6,0.985,55.30000000000001,1.18453335
735,0.8766382265672866,127.6,0.065,0.6894,1.3465,-0.662,164.4,0.956,49.599999999999994,1.03370805
736,0.9382044299927998,80.6,0.456,0.4445,2.7622,-0.258,181.1,1.023,31.299999999999997,1.65400536
737,0.815663214105792,77.0,0.308,0.6777,1.9802,-0.6773,268.5,1.182,31.200000000000003,1.33346668
738,0.7300166432412089,132.9,0.34,0.7594,2.4831,-0.1834,123.8,1.091,46.900000000000006,1.84618485
739,0.8784171335762836,121.4,0.496,0.6597,1.8799,-0.1723,177.4,1.039,53.10000000000001,1.4232722899999999
740,0.9710728477807956,165.9,0.168,0.4604,1.8111,0.0982,126.1,1.069,68.0,1.19423934
741,0.9529151481342386,125.1,0.15,0.4998,2.4442,-0.1822,197.5,1.161,36.8,1.8876556599999998
742,0.9310134655709296,137.8,0.093,0.561,2.9833,-0.6327,238.7,0.964,50.20000000000002,2.04117386
743,0.8500533106797115,125.8,0.27,0.7067,1.27,0.461,128.6,1.152,41.599999999999994,0.818515
744,0.9255217393123704,109.9,0.32,0.565,2.3965,0.4146,144.9,1.05,34.10000000000001,1.77796335
745,0.7804927747821168,125.2,0.242,0.7539,1.1675,0.0363,193.7,0.944,49.2,0.5856180000000001
746,0.9589817831538028,167.1,0.22,0.514,2.4169,0.2133,158.0,1.068,79.19999999999999,1.7208328
747,0.9526813555559562,135.5,0.448,0.5933,1.0747,-0.7334,160.5,1.17,49.2,0.56615196
748,0.9634062953064076,122.3,0.326,0.4892,1.333,-0.4214,193.3,0.949,49.099999999999994,0.6790301999999999
749,0.8944656042741473,84.1,0.216,0.6313,1.1038,-0.1728,184.5,1.172,30.699999999999996,0.7769648199999999
750,0.9474692881317376,150.2,0.474,0.5495,2.4961,-0.0947,130.9,0.947,54.89999999999999,1.7340406700000002
751,0.8163189507119503,139.2,0.274,0.7235,1.5498,0.2353,164.8,1.188,54.499999999999986,1.18854162
752,0.9166799965971156,138.1,0.147,0.6098,2.3406,0.4389,163.1,1.096,49.599999999999994,1.42870224
753,0.9464973042579548,149.2,0.288,0.5642,1.9061,0.6054,246.0,0.953,59.39999999999999,1.20961106
754,0.7567292358440938,84.3,0.194,0.7162,2.161,-0.2695,238.6,1.166,34.9,1.6216144
755,0.954888538589154,147.0,0.469,0.5365,1.977,-0.5578,204.4,1.003,49.8,1.0420767
756,0.9011347818769904,165.0,0.124,0.6932,1.0722,0.1241,167.6,1.036,66.6,0.82602288
757,0.8999293929072816,76.0,0.21,0.5776,2.2924,-0.3416,135.2,1.066,16.700000000000003,1.1993836800000002
758,0.9024868245854144,162.2,0.457,0.6816,1.5798,-0.4588,218.3,0.919,76.29999999999998,0.8036442600000001
759,0.7418696116635302,117.1,0.34,0.7547,1.6441,0.3536,199.9,1.054,40.3,0.96130527
760,0.9147776322177404,127.7,0.236,0.6245,2.0811,-0.4299,256.5,1.137,43.900000000000006,1.21848405
761,0.9230932544340236,145.8,0.143,0.6259,2.1115,-0.2787,135.3,1.168,43.000000000000014,1.51457895
762,0.8088236406018546,71.8,0.38,0.6549,2.4333,0.6277,231.7,1.042,16.199999999999996,1.25168952
763,0.8251517209609358,134.0,0.361,0.7115,1.6126,0.6861,222.8,1.021,58.8,1.04770622
764,0.8465200660170962,122.0,0.37,0.7,1.2095,0.2036,162.0,0.924,56.8,0.95127175
765,0.8142881024252917,87.5,0.364,0.6581,2.9232,-0.0336,205.1,1.082,38.6,1.57355856
766,0.9231322009901136,128.8,0.214,0.5837,2.6161,-0.0005,168.1,0.905,46.20000000000002,1.34153608
767,0.9408477918541776,120.0,0.234,0.5241,2.5522,0.2431,185.0,1.028,49.900000000000006,1.66505528
768,0.8656452245913768,72.4,0.486,0.6204,2.1148,0.4328,192.6,0.909,13.200000000000003,1.11280776
769,0.7031745235467228,74.5,0.467,0.7367,1.6165,0.3017,236.9,1.02,16.5,1.0988967
770,0.7677752005472384,70.3,0.439,0.7122,1.6219,-0.3918,242.3,0.98,12.799999999999997,1.18025663
771,0.6289550478448284,82.7,0.073,0.7748,1.9231,-0.2684,185.7,1.049,27.0,1.06578202
772,0.8300085814533491,109.3,0.315,0.6746,2.9082,0.2682,187.6,1.162,30.099999999999994,1.62946446
773,0.8208155344614725,138.6,0.083,0.7066,2.5061,0.1557,134.7,1.168,54.0,1.2841256399999998
774,0.9148497118591556,127.4,0.183,0.5875,2.9937,0.3425,235.8,1.01,39.400000000000006,2.30065845
775,0.8797243283870203,138.7,0.264,0.6494,2.5621,0.5202,128.5,0.972,60.499999999999986,1.97486668
776,0.957042007275284,166.6,0.457,0.5212,2.4352,0.5167,212.8,1.043,77.39999999999999,1.84612512
777,0.9040384849221008,130.0,0.013,0.6255,1.6523,0.5802,129.3,1.105,48.099999999999994,0.9409848500000001
778,0.8589255191208686,72.7,0.321,0.6541,1.1128,0.5025,261.1,0.964,23.800000000000004,0.62138752
779,0.8902245867893984,115.1,0.402,0.6786,1.2626,-0.538,222.0,1.155,37.099999999999994,0.91626882
780,0.8611331178264534,82.6,0.371,0.6271,2.3667,-0.7265,181.6,1.144,36.49999999999999,1.42380672
781,0.9235667985472522,70.1,0.434,0.5354,1.5604,0.3352,205.9,1.122,24.799999999999997,1.14580172
782,0.8365385757843741,138.3,0.324,0.7062,2.1788,-0.0063,211.9,1.124,50.400000000000006,1.5338751999999998
783,0.8356407720794848,77.4,0.486,0.6536,1.9965,-0.1169,134.0,0.979,26.000000000000007,1.401543
784,0.8814068394799017,135.7,0.24,0.6486,2.6811,0.2571,246.3,1.142,56.19999999999999,1.80464841
785,0.7055743607555499,88.0,0.116,0.7267,2.914,-0.0556,221.9,0.906,39.9,1.8602976
786,0.952511891024784,139.9,0.296,0.5696,1.4487,0.0178,137.9,1.182,51.0,1.0829032500000002
787,0.8150178352062816,78.4,0.406,0.6942,1.6942,-0.3367,178.3,1.156,18.500000000000007,1.32384788
788,0.7496217251945307,85.5,0.248,0.7186,2.3552,-0.5123,209.6,1.002,34.2,1.23436032
789,0.9654918552723672,147.8,0.297,0.5021,1.3604,0.289,266.5,1.001,59.20000000000002,1.06342468
790,0.902033374759811,74.3,0.443,0.5587,2.333,-0.174,229.4,1.136,27.099999999999994,1.5750083000000001
791,0.8962350841271393,149.4,0.376,0.6625,1.555,0.2626,189.2,1.017,64.10000000000001,0.8397
792,0.6820822920264279,107.4,0.08,0.7776,1.6784,-0.0813,163.8,1.116,41.60000000000001,1.1894820799999999
793,0.9098487943638616,133.3,0.486,0.6363,1.1236,0.7116,169.7,1.139,57.900000000000006,0.65550824
794,0.936670262218708,124.5,0.149,0.5285,2.7517,0.5102,203.3,1.019,54.2,1.55828771
795,0.9554118568637318,135.5,0.429,0.5091,2.0464,0.7345,200.2,0.914,47.2,1.16317376
796,0.7934123240829896,164.2,0.432,0.7417,2.6136,-0.3807,226.7,1.056,62.599999999999994,2.0401761599999997
797,0.851185149870661,131.6,0.155,0.6781,2.7949,-0.5769,155.4,0.954,46.099999999999994,1.8636393199999999
798,0.904381652299556,129.2,0.474,0.6379,1.9052,-0.1649,124.5,0.952,44.79999999999998,1.0724370799999998
799,0.9701680091929208,152.7,0.18,0.4733,1.4121,0.3634,260.9,1.054,58.099999999999994,1.0223604
800,0.9516656046160564,158.8,0.155,0.6063,1.0702,-0.3763,169.0,1.121,54.400000000000006,0.6804331600000001
801,0.9189030720428312,133.2,0.126,0.6154,1.8631,0.0944,188.7,1.027,43.69999999999999,1.46458291
802,0.9403358681206918,113.8,0.042,0.5621,1.4852,0.1377,155.0,0.977,33.89999999999999,0.9895887600000001
803,0.8608397510512389,88.3,0.393,0.6148,2.6836,0.6256,196.2,1.1,36.599999999999994,1.7266282400000001
804,0.8838212644018315,165.2,0.413,0.666,2.4079,0.5543,157.9,1.064,73.99999999999999,1.79195918
805,0.7721778709448776,71.0,0.021,0.691,2.0413,0.4528,175.8,0.943,16.0,1.2390691
806,0.7065117363895079,77.6,0.142,0.7244,2.454,0.2716,127.9,1.103,27.499999999999993,1.6643028000000002
807,0.8729492250115067,114.0,0.041,0.6253,2.8382,0.5838,255.9,0.982,46.900000000000006,1.6734027200000001
808,0.9114567260192424,125.1,0.053,0.6366,1.4324,0.3469,236.5,1.105,48.39999999999999,0.9067092
809,0.792978225541502,137.0,0.293,0.7042,2.9714,0.6734,159.0,1.187,60.599999999999994,1.62921862
810,0.8359342819140603,128.6,0.1,0.6897,2.5545,-0.012,238.0,0.912,49.599999999999994,2.03823555
811,0.6596987030043877,76.3,0.448,0.74,2.5797,0.564,133.4,1.133,27.799999999999997,1.8106914299999999
812,0.8694629748426066,122.9,0.416,0.6409,2.8892,0.3947,262.8,1.189,56.900000000000006,2.2050374400000003
813,0.736009661743464,127.0,0.22,0.7353,2.7741,0.5937,193.6,0.946,48.7,2.1515919599999997
814,0.7866862425316226,86.8,0.187,0.687,1.9584,0.5149,151.0,0.951,30.799999999999997,1.14115968
815,0.9215471959836328,126.1,0.085,0.6431,1.0809,-0.4776,230.9,1.062,44.3,0.8285098499999999
816,0.7893399593076742,127.9,0.321,0.7214,2.7181,-0.4093,205.0,1.083,48.2,2.04591387
817,0.898387913533325,147.8,0.268,0.6788,1.2014,0.3883,201.3,1.088,59.20000000000002,0.70894614
818,0.946959494712578,138.9,0.411,0.5822,1.106,0.1448,163.9,0.917,63.7,0.6920242000000001
819,0.7960282295033114,129.4,0.096,0.721,2.3578,-0.0527,236.1,0.987,48.80000000000001,1.79004176
820,0.9472549969248492,130.6,0.148,0.5251,2.3477,0.4637,186.9,0.934,48.39999999999999,1.27433156
821,0.9399411611316156,77.8,0.48,0.4694,1.5927,0.7024,216.8,1.144,28.199999999999996,0.98540349
822,0.9589765184410248,157.4,0.362,0.5572,1.4096,-0.7138,267.8,0.948,70.2,0.90397648
823,0.9135474838981328,155.4,0.12,0.6163,2.799,0.0146,187.3,1.147,64.4,2.1291993000000002
824,0.9346914211210956,78.8,0.397,0.498,2.089,0.0962,142.8,1.127,26.299999999999997,1.1326558
825,0.8562070837348869,141.3,0.249,0.6851,2.3426,0.4162,205.4,1.009,45.20000000000002,1.2942865
826,0.9474473005363928,163.2,0.343,0.5524,2.7092,-0.011,243.5,0.956,62.099999999999994,1.52419592
827,0.731534213235123,119.6,0.492,0.736,2.8278,0.4315,232.0,0.903,45.5,1.7150607
828,0.7442017034605177,147.0,0.443,0.7695,1.9098,-0.4106,161.8,1.196,42.099999999999994,1.09928088
829,0.924127713168405,162.5,0.146,0.6119,2.2197,0.7072,214.4,0.992,60.400000000000006,1.3573465500000002
830,0.7891141375973215,113.4,0.115,0.6967,2.7456,0.6305,131.1,1.009,43.2,1.6871712
831,0.8313358233682496,118.6,0.35,0.7052,1.4041,0.1578,144.6,1.151,50.599999999999994,0.80328561
832,0.8208993528164314,89.3,0.245,0.6864,1.9358,-0.0594,268.3,1.045,30.699999999999996,1.18548392
833,0.7407215431078745,71.1,0.233,0.7003,2.8753,-0.387,155.8,1.036,11.699999999999996,2.0567020900000004
834,0.8438161694440188,120.7,0.493,0.6894,1.421,0.5828,188.1,0.934,47.10000000000001,0.9343075
835,0.8887146390761782,154.6,0.022,0.6695,1.6095,0.2645,215.5,1.141,65.0,1.1913519
836,0.7602911343236433,157.4,0.336,0.7444,2.8915,0.3889,229.8,1.038,55.900000000000006,1.9821232500000001
837,0.8896803684164726,110.8,0.275,0.6547,1.1311,0.7279,248.4,0.9,45.39999999999999,0.63963705
838,0.930558888260802,142.5,0.483,0.5939,2.029,0.5757,153.3,1.061,57.0,1.6059534999999998
839,0.87876222014666,87.2,0.085,0.6578,1.0449,-0.6596,244.5,1.153,40.2,0.7799133599999999
840,0.6700880124552696,107.9,0.129,0.7811,1.7934,-0.1626,268.8,0.966,38.60000000000001,1.0778334
841,0.901022962596757,110.6,0.432,0.6186,2.0427,0.5067,121.4,1.195,36.0,1.45256397
842,0.7163180311537299,73.2,0.477,0.745,1.043,0.3089,167.0,1.125,13.600000000000001,0.6907789
843,0.9502500246441604,141.6,0.214,0.513,2.7306,0.195,174.0,1.166,56.599999999999994,1.86936876
844,0.9325161785473028,163.8,0.096,0.6223,1.1432,0.6657,238.2,0.902,65.00000000000001,0.73187664
845,0.8376475564506268,121.5,0.027,0.6832,1.6057,0.7087,226.8,0.918,49.3,1.17986836
846,0.8752491931849123,112.2,0.142,0.633,2.8698,0.2099,200.4,0.983,35.7,1.7434035
847,0.8147798490304197,138.0,0.132,0.7046,2.6272,0.3178,144.0,1.194,59.400000000000006,1.4431209600000001
848,0.9076951539016936,132.7,0.368,0.6327,2.2279,-0.1438,179.3,1.073,46.89999999999999,1.16095869
849,0.924182291996414,152.4,0.399,0.6605,1.1018,0.0196,227.2,1.159,50.60000000000001,0.8762615399999999
850,0.7855288527953119,141.4,0.258,0.7378,2.2253,0.1537,245.8,1.089,45.30000000000001,1.28889376
851,0.860425572515977,159.3,0.068,0.7146,1.5238,0.109,232.4,1.168,56.400000000000006,1.0613267
852,0.7704296960836263,120.7,0.244,0.7138,2.8926,0.3558,167.8,1.075,54.0,1.5677892
853,0.8180605745982064,114.6,0.168,0.684,2.845,0.1427,132.3,1.169,49.39999999999999,2.2757155000000004
854,0.9451016021161814,113.2,0.19,0.5203,2.3015,-0.4033,205.3,0.92,38.2,1.1622575
855,0.9320233727545938,151.4,0.114,0.5858,2.6479,0.3995,136.7,1.158,48.0,1.40841801
856,0.8694238068309761,122.3,0.421,0.6526,1.8978,0.6159,165.2,0.983,51.39999999999999,1.12862166
857,0.9288764735619264,165.8,0.048,0.6264,1.8504,-0.1094,199.7,1.147,79.60000000000001,1.15113384
858,0.845319712487102,166.1,0.191,0.7079,2.3938,0.0489,170.1,0.904,71.1,1.6696755
859,0.9033287151307048,105.5,0.464,0.6352,1.304,0.0607,140.2,0.907,34.3,0.7063768
860,0.9448923769374964,71.5,0.172,0.4989,1.1191,0.6993,166.4,1.18,15.200000000000003,0.6132668
861,0.9257771301107152,133.6,0.22,0.6239,1.6643,-0.2533,256.9,1.083,49.69999999999999,0.8682653100000001
862,0.9031442498809208,80.5,0.491,0.5808,1.7634,0.2925,150.0,1.01,23.299999999999997,1.18253604
863,0.953485749324282,143.5,0.342,0.501,2.9437,-0.0093,202.6,1.129,44.099999999999994,1.60078406
864,0.8620493872680495,159.7,0.199,0.699,1.9545,0.2822,216.0,1.12,68.89999999999999,1.0534755
865,0.8955614670196518,161.0,0.434,0.6803,1.7796,-0.7396,250.7,0.94,59.599999999999994,1.18770504
866,0.9325589277961795,124.8,0.386,0.5681,2.2909,-0.3244,220.1,1.087,56.0,1.5220739600000002
867,0.8854082686288368,70.8,0.013,0.5941,1.6295,0.2733,203.5,0.946,20.599999999999994,1.0777512999999999
868,0.7740850825731244,105.4,0.467,0.7427,1.3704,0.0328,152.6,1.186,32.0,0.72480456
869,0.915678111751531,76.6,0.303,0.5048,2.9046,-0.681,190.4,1.124,28.39999999999999,1.72417056
870,0.690670831189929,127.9,0.424,0.7761,2.4286,-0.7371,139.4,1.063,43.400000000000006,1.89042224
871,0.8549187016749547,75.5,0.061,0.623,2.5969,-0.7282,248.1,1.159,19.0,1.5573609300000002
872,0.8905810454060811,90.0,0.373,0.5833,2.8056,-0.5929,151.1,1.035,38.5,1.6334203200000001
873,0.924625416598575,169.8,0.383,0.6303,1.5963,0.3757,227.1,1.093,83.00000000000001,0.89616282
874,0.9486636920761172,158.6,0.166,0.5513,2.3165,0.262,123.7,1.055,72.0,1.2773181
875,0.8251995757357601,109.1,0.031,0.6935,1.9179,0.5465,241.1,1.087,29.299999999999997,1.21038669
876,0.8453917956224601,162.4,0.218,0.6924,2.9901,-0.0154,150.1,0.913,71.10000000000001,1.54647972
877,0.7711672291420092,126.2,0.482,0.7285,2.8677,-0.5037,231.9,1.066,39.3,2.2835495100000003
878,0.7408322208689682,71.8,0.186,0.6995,2.8359,0.0818,168.7,1.049,12.699999999999996,2.19753891
879,0.9194231614178168,151.5,0.173,0.6466,1.4825,0.4188,145.1,1.08,48.900000000000006,1.1808112499999999
880,0.7475623542244937,79.1,0.388,0.7193,2.2693,-0.4388,228.5,0.996,21.799999999999997,1.7709617199999999
881,0.9003423114720133,111.0,0.3,0.6657,1.1717,-0.4732,181.8,1.07,36.2,0.8965848399999999
882,0.9378704260887234,71.0,0.051,0.5269,1.2738,-0.0166,151.5,0.984,14.799999999999997,0.9189193200000001
883,0.8153414911233691,73.6,0.251,0.6569,2.3818,0.4441,216.6,0.943,19.699999999999996,1.22757972
884,0.9616720204016692,127.7,0.497,0.5376,1.0167,-0.6872,230.5,1.016,50.10000000000001,0.7926193199999999
885,0.9522580274212052,142.0,0.307,0.5479,2.036,-0.0935,177.8,1.079,43.900000000000006,1.0381564
886,0.958810792434794,155.2,0.103,0.5068,1.8038,0.5957,207.0,1.024,69.49999999999999,1.36241014
887,0.8710341883570113,164.3,0.351,0.7052,1.7434,-0.6296,125.4,0.962,64.60000000000001,1.18080482
888,0.963211960701134,122.6,0.125,0.5102,1.0827,0.0857,140.7,1.178,56.3,0.59169555
889,0.8947036958113961,86.9,0.152,0.6019,1.9012,-0.2341,163.6,1.047,31.200000000000003,0.9914757999999999
890,0.9540624983762862,105.7,0.323,0.497,1.7367,-0.7198,243.3,0.999,40.60000000000001,1.2280205699999998
891,0.9481851148749458,89.3,0.483,0.434,2.2624,0.6634,255.0,1.122,43.8,1.5291561599999999
892,0.9574741481510042,157.6,0.111,0.567,1.2574,0.3713,221.6,1.192,70.1,0.7954312400000001
893,0.963653844178843,141.6,0.385,0.4761,2.2353,-0.1231,265.4,0.968,52.599999999999994,1.12413237
894,0.831623749212396,138.4,0.247,0.6914,2.5336,0.6528,264.0,0.917,50.2,1.28985576
895,0.6909330009882527,76.6,0.191,0.7188,2.5886,0.7455,259.8,1.0,25.999999999999993,1.4133756000000002
896,0.9016321948609964,70.3,0.201,0.5605,2.1918,0.3743,239.8,0.935,17.199999999999996,1.22916144
897,0.7705614940430395,160.1,0.011,0.7671,1.0668,0.228,137.1,1.159,73.69999999999999,0.6695236800000001
898,0.938456078508814,125.9,0.208,0.5633,1.7727,0.7133,162.2,1.039,49.10000000000001,1.3357294499999999
899,0.7318785642991622,151.7,0.471,0.7662,1.4728,0.7318,204.8,0.995,54.39999999999999,1.03994408
900,0.9704076620120462,153.3,0.294,0.5056,1.3769,-0.4335,200.1,1.171,58.500000000000014,0.6920299400000001
901,0.7942337768950145,89.7,0.218,0.7116,1.7599,-0.362,210.1,0.965,36.5,1.15607831
902,0.6477077256919183,83.0,0.45,0.7468,2.661,0.6061,250.9,0.938,34.7,2.1016578
903,0.8588403645406325,116.8,0.338,0.6624,2.6715,-0.3324,188.4,1.119,44.099999999999994,1.6499184
904,0.9018267462207312,122.9,0.437,0.6384,1.6995,0.4998,138.1,1.053,46.900000000000006,1.05419985
905,0.9386397578807724,155.0,0.454,0.6145,1.176,0.4034,158.4,1.025,53.7,0.7828631999999999
906,0.8079372556300198,107.5,0.139,0.6899,2.9185,-0.283,254.6,1.104,31.299999999999997,1.5488479499999999
907,0.9066178543883778,111.5,0.293,0.6184,1.9825,0.0119,159.8,1.164,41.900000000000006,1.5378252499999998
908,0.9055846262667618,83.5,0.151,0.6025,1.047,0.4748,261.2,1.028,25.799999999999997,0.7652523
909,0.8448330734496776,107.2,0.067,0.6738,2.1083,0.2454,259.0,0.974,41.900000000000006,1.22745226
910,0.8501504477426968,78.6,0.357,0.6503,2.009,-0.3513,153.5,1.021,29.499999999999993,1.1397057
911,0.9401462130007556,148.4,0.033,0.6295,1.0848,-0.2536,222.9,0.988,55.80000000000001,0.6719251199999999
912,0.8892755040162781,78.9,0.302,0.611,1.3349,0.3049,226.4,0.912,28.400000000000006,1.06578416
913,0.746070828012363,106.6,0.442,0.7585,1.6505,-0.653,137.5,0.986,29.0,1.2725355
914,0.8612405377025786,106.3,0.496,0.656,2.4564,-0.1659,162.4,0.942,38.7,1.82682468
915,0.9231688808246092,124.1,0.336,0.5801,2.4544,0.3371,268.2,0.948,52.3,1.79097568
916,0.9244772829666352,148.8,0.461,0.6226,2.1842,-0.307,249.2,0.957,52.10000000000001,1.43196152
917,0.8944374460078419,143.3,0.145,0.6752,1.2146,0.739,252.4,1.082,43.20000000000002,0.85410672
918,0.9612222039685264,129.8,0.088,0.4442,2.6322,-0.2461,251.4,1.154,46.500000000000014,2.08285986
919,0.8951140001263204,120.1,0.015,0.679,1.0372,-0.3346,224.1,1.016,42.19999999999999,0.69720584
920,0.8138742600204113,71.4,0.242,0.672,2.0149,-0.7182,262.4,0.979,26.400000000000006,1.2947747399999998
921,0.8200860717044057,77.6,0.398,0.6505,2.2589,0.745,220.4,0.939,25.999999999999993,1.7797873100000001
922,0.8564527547076259,84.5,0.136,0.6709,1.0352,0.0577,138.9,1.132,30.1,0.5599396799999999
923,0.8900324373877506,132.3,0.426,0.6533,1.7771,0.7251,201.4,1.083,44.70000000000002,1.1572475199999999
924,0.970215529009068,168.5,0.12,0.5233,1.1417,-0.2804,243.7,0.976,64.1,0.85547581
925,0.916172660463708,108.8,0.499,0.6237,1.3495,0.1639,200.6,0.956,40.0,1.07136805
926,0.9483079621560176,153.1,0.313,0.5492,2.426,0.4184,158.8,1.035,55.3,1.438618
927,0.7906845159467852,127.9,0.358,0.7306,2.0503,0.1813,181.4,1.037,38.80000000000001,1.250683
928,0.8524559370981788,130.2,0.046,0.6796,2.2669,0.455,148.1,1.07,45.499999999999986,1.4943404800000002
929,0.7630404425513929,84.9,0.079,0.7317,1.3793,-0.5593,140.5,1.033,34.800000000000004,1.01640617
930,0.7197065418921713,142.8,0.097,0.7631,2.7855,-0.4861,225.0,1.182,45.20000000000002,1.96851285
931,0.9026077350947928,137.3,0.171,0.6773,1.2919,-0.5253,124.9,0.93,54.000000000000014,0.85536699
932,0.9458607004886852,119.8,0.376,0.5038,2.7568,0.051,252.0,1.043,40.5,1.7610438400000001
933,0.7304656462499508,166.2,0.275,0.7637,2.4891,0.3914,192.4,1.181,79.49999999999999,1.67939577
934,0.8711073786698027,86.3,0.169,0.6481,1.751,-0.4498,197.4,1.032,33.3,1.0917485
935,0.6055312370404434,89.0,0.254,0.7705,2.932,0.2471,182.5,0.931,37.1,1.7867608000000001
936,0.8301562245067613,79.9,0.409,0.6838,1.2936,0.3254,125.1,1.18,28.10000000000001,0.6685324800000001
937,0.7506157267205165,139.1,0.138,0.746,2.5144,0.1363,241.3,1.148,58.69999999999999,1.7309129600000002
938,0.9553083488728102,123.3,0.132,0.5115,1.2945,0.4501,198.2,1.003,56.2,0.9247908
939,0.9488950017476688,166.4,0.074,0.5741,2.0165,-0.0872,143.1,1.081,70.10000000000001,1.1284334
940,0.8772020521847158,111.7,0.25,0.6642,1.6564,0.3133,167.2,1.071,33.5,0.9713129600000001
941,0.7666744355085527,147.5,0.217,0.7576,1.8432,-0.0385,182.2,1.153,56.099999999999994,1.10794752
942,0.9274377007789066,163.1,0.296,0.597,2.6372,0.6801,240.8,1.177,58.5,2.10606792
943,0.7600981661226067,162.9,0.172,0.7648,2.1689,-0.6819,138.2,1.193,61.900000000000006,1.1553730299999998
944,0.950152230249637,134.6,0.431,0.5327,2.1394,0.4136,160.1,1.086,52.099999999999994,1.24106594
945,0.9075305125824727,81.9,0.417,0.5536,2.5504,0.2909,219.2,1.168,27.000000000000007,1.4016998399999998
946,0.9261926055801862,112.3,0.359,0.5701,2.4863,-0.3298,128.1,0.927,32.8,1.64568197
947,0.9338069208831596,127.8,0.378,0.5552,2.5248,0.6573,205.6,1.195,44.099999999999994,1.4666563199999998
948,0.911580258996766,163.3,0.016,0.6498,2.0188,-0.2243,225.7,1.104,71.4,1.48240484
949,0.9637932976206648,128.2,0.099,0.4527,1.6887,0.5608,211.4,1.067,48.499999999999986,1.19171559
950,0.8801003665934112,127.3,0.072,0.6865,1.2443,0.225,126.6,1.106,40.8,0.63471743
951,0.8670215717339733,151.0,0.205,0.7199,1.322,-0.6491,195.4,1.165,56.7,0.8418496000000001
952,0.7213281144247821,117.2,0.454,0.7714,1.3104,0.298,144.2,1.035,45.60000000000001,0.93064608
953,0.9019715445909549,116.4,0.103,0.634,1.7015,-0.365,126.0,1.174,47.0,1.1605931500000002
954,0.9377042295011936,124.6,0.476,0.5395,2.5216,0.3727,172.8,1.197,57.39999999999999,1.50640384
955,0.7520133657063914,132.8,0.175,0.7494,2.2979,-0.0472,121.2,1.19,48.400000000000006,1.63518564
956,0.9305604665275318,145.8,0.186,0.5996,2.0861,0.3401,237.6,1.09,57.000000000000014,1.0605732399999999
957,0.8274741570222461,131.9,0.305,0.7167,1.4345,0.1192,239.4,0.973,55.7,0.8738974
958,0.808305888610859,83.4,0.378,0.6811,1.9738,-0.0508,187.1,1.112,29.700000000000003,1.2048075200000001
959,0.7821480892001277,132.0,0.316,0.7291,2.7134,-0.6137,122.6,1.015,43.900000000000006,2.10641242
960,0.8850085138072461,117.0,0.054,0.6388,2.4091,-0.0199,203.2,0.962,38.5,1.5114693399999999
961,0.8289443016625392,112.6,0.453,0.7033,1.8134,-0.3159,122.2,0.916,36.3,1.0372647999999998
962,0.7699682089770902,121.1,0.368,0.7206,2.4851,0.5533,180.1,1.017,49.0,1.7954847500000002
963,0.9169262886388628,143.9,0.322,0.6617,1.4804,-0.6072,125.7,0.908,44.900000000000006,0.8793576
964,0.9052979562887774,105.9,0.484,0.6114,2.2541,0.0702,170.6,1.058,27.0,1.46899697
965,0.9497806344982556,154.1,0.257,0.5948,1.3078,-0.6106,263.8,1.002,64.69999999999999,0.7103969600000001
966,0.9300911199401088,108.9,0.069,0.5413,2.605,0.558,212.5,0.916,30.700000000000003,1.8477265
967,0.7934797770923608,161.2,0.338,0.7422,2.1522,0.2429,229.6,1.152,56.89999999999999,1.0847088
968,0.7077390663859875,108.3,0.238,0.765,1.9994,-0.2214,211.2,1.088,28.799999999999997,1.5979204800000002
969,0.8959034986855651,139.4,0.38,0.6676,1.8089,-0.3931,143.3,1.199,60.60000000000001,1.2011096
970,0.7390168869392104,89.6,0.437,0.7257,1.8295,0.6962,196.6,1.016,31.199999999999996,1.3589526
971,0.909918171963074,147.6,0.31,0.6483,2.0011,0.0838,124.3,1.107,44.5,1.52343743
972,0.8993604402726282,135.0,0.354,0.6399,2.2158,0.2231,266.7,1.133,55.8,1.40304456
973,0.9182883740716792,132.2,0.173,0.6127,2.0027,0.4877,242.5,0.904,45.099999999999994,1.24047238
974,0.9552120964483932,160.9,0.329,0.544,2.2607,-0.3956,122.3,1.167,62.0,1.51715577
975,0.9253046083247312,113.0,0.486,0.5792,1.8261,0.2,262.0,1.026,43.599999999999994,1.0041723900000001
976,0.8709254321399875,110.3,0.405,0.6382,2.649,0.4602,264.3,0.932,38.099999999999994,1.7981411999999999
977,0.7727047935902319,72.3,0.07,0.721,1.0397,-0.3126,265.2,1.006,27.199999999999996,0.65615467
978,0.7686299045444085,72.9,0.314,0.7323,1.1926,-0.6231,220.7,1.132,15.200000000000003,0.6872953800000001
979,0.9485078121255546,159.8,0.153,0.5662,2.1246,-0.6089,257.4,0.958,72.9,1.34338458
980,0.8071888133960881,88.7,0.367,0.6734,2.7774,-0.168,203.8,1.14,32.2,1.91862792
981,0.9168645219941688,136.9,0.373,0.5998,2.7389,0.0646,160.3,1.04,52.900000000000006,2.02651211
982,0.8717419889487573,111.9,0.398,0.6594,2.1975,-0.1609,143.4,1.185,39.0,1.641093
983,0.7888885517782207,125.5,0.197,0.7074,2.6097,0.6849,258.6,0.969,46.7,2.04991935
984,0.9420047063508308,147.1,0.187,0.609,1.3947,-0.4606,253.8,1.148,48.5,0.97545318
985,0.6382204250893722,144.5,0.192,0.7819,2.9,0.5689,248.0,0.909,46.2,2.21937
986,0.8903489696471673,81.0,0.293,0.6104,1.9139,0.0155,210.0,1.113,23.1,1.44709979
987,0.677338732548109,88.0,0.271,0.7404,2.8419,0.0418,265.0,0.97,40.2,1.46045241
988,0.9097606277022868,139.8,0.209,0.6418,2.0399,-0.4396,125.5,1.082,55.60000000000001,1.60764519
989,0.9199278427001584,116.3,0.468,0.5684,2.764,0.3502,260.2,1.113,45.89999999999999,1.5168831999999997
990,0.7072423180722546,78.0,0.147,0.7321,2.4591,-0.3381,136.2,1.047,22.0,1.45234446
991,0.8676762253277724,135.6,0.161,0.6764,1.4925,0.5177,165.0,0.957,60.099999999999994,0.843561
992,0.8908263374698346,140.5,0.014,0.6836,1.3908,0.0027,187.8,1.098,38.8,0.94268424
993,0.906838261126743,125.7,0.328,0.6133,2.7258,-0.2053,239.6,1.099,37.2,1.6240316399999999
994,0.9382105420818,121.8,0.206,0.605,1.1256,-0.0635,172.0,0.936,49.3,0.63832776
995,0.938735708819616,142.2,0.101,0.5578,1.966,0.6451,174.4,0.976,55.29999999999998,1.3697122
996,0.7904503894181127,130.9,0.275,0.741,1.3422,0.6037,149.1,1.172,42.0,0.94316394
997,0.7504279431245777,106.8,0.344,0.7517,1.7332,-0.5813,204.7,1.068,41.3,1.1421788000000002
998,0.7173042592326767,89.1,0.099,0.7487,1.671,-0.4637,259.6,0.929,35.599999999999994,0.8964915
999,0.7891011626457194,144.6,0.42,0.7555,1.5026,-0.6102,234.3,1.022,56.3,1.01620838
