case_index,FFR
0,0.9480679942876706
1,0.8580183564604484
2,0.9353183015039039
3,0.9046089900792093
4,0.8823461077504072
5,0.678460622481701
6,0.9481756595528273
7,0.8847496826902488
8,0.8032451980032643
9,0.926579590907062
10,0.9584109396674334
11,0.7983556218150618
12,0.8112840792769634
13,0.9678750669206068
14,0.9583930571713268
15,0.6692933028319618
16,0.9456760461746837
17,0.8094856345677718
18,0.9557026987151062
19,0.9523618983259167
20,0.9657242491671696
21,0.8967378885254297
22,0.8945858769694714
23,0.860402383314713
24,0.8434000500839587
25,0.6810897766151105
26,0.9609926163909065
27,0.8675928498227087
28,0.7446964335960796
29,0.7323161600738401
30,0.8663376731040392
31,0.9288054665600587
32,0.9524713664799416
33,0.7297274656264447
34,0.9051882159172941
35,0.7181524916105435
36,0.9285402426123288
37,0.943535267129917
38,0.8547404106133515
39,0.9039090493289427
40,0.9441092104227827
41,0.8686582333488553
42,0.8452491596532654
43,0.9382323971208966
44,0.7725843395930654
45,0.8677648268772312
46,0.9227883821350605
47,0.9079794747976035
48,0.7647039047064312
49,0.7444518315589546
50,0.8239314063702046
51,0.9069747817901954
52,0.8216783933823619
53,0.9500238089174868
54,0.7849534438494867
55,0.8669688649725781
56,0.7481870961468766
57,0.7627277634632627
58,0.9445756218469863
59,0.8588918066751005
60,0.9298507393078409
61,0.9080136825417859
62,0.8623481544215194
63,0.8947342355999817
64,0.9287728735205885
65,0.8933270191028806
66,0.8752243864798122
67,0.9113191202565576
68,0.9449669721144108
69,0.9144846976048414
70,0.6454398721529814
71,0.7730291553752032
72,0.8481177013230905
73,0.8838845795887365
74,0.9031244160037631
75,0.9504303953341205
76,0.9066930336274666
77,0.9173299576415116
78,0.921677255715239
79,0.9209676591727105
80,0.9611642246301908
81,0.9433789261210279
82,0.9494739042160458
83,0.9003552932646676
84,0.8029411708174209
85,0.9446681658762451
86,0.7438762072473644
87,0.7191806657313854
88,0.9207708423352577
89,0.8585086085055781
90,0.8766769949524553
91,0.8245677047628355
92,0.9321102197525881
93,0.9498789150568324
94,0.7881035768770884
95,0.8887301468959116
96,0.9036469893684059
97,0.8132659503868416
98,0.875973288733287
99,0.9230100188329556
100,0.9241149079186725
101,0.8970817326543359
102,0.805582207828996
103,0.9109974786555751
104,0.9210500933971111
105,0.7853211962392609
106,0.9149567554290644
107,0.8542594200433182
108,0.850526245414679
109,0.7536390937441552
111,0.9064917317251381
112,0.950372225760884
113,0.9137216703849456
114,0.6948199344790321
115,0.8625885467295666
116,0.7930692483154281
117,0.9037821105362199
118,0.9422029462930535
119,0.7857402109927729
120,0.8859478064248063
121,0.9468247458570198
122,0.771120756574194
123,0.9629267241048091
124,0.9155255882162382
125,0.9064291911001583
126,0.7270834453963197
127,0.9116882321162683
128,0.6485339918167876
129,0.9190413026159796
130,0.9618915867495789
131,0.9107382204496524
132,0.9582374554157409
133,0.9212942809822203
134,0.8605236435254391
135,0.868652726182688
136,0.5551465864362621
137,0.7462264291896374
138,0.9122596056140422
139,0.9613883654844105
140,0.9216986537034746
141,0.8152157247475036
142,0.9461207677895248
143,0.7818268379072637
144,0.837356399221782
145,0.751374660810975
146,0.828867233414052
147,0.7460988716916026
148,0.8954697216737988
149,0.8834104956482781
150,0.8916815343961385
151,0.9378539136808052
152,0.6772599223616608
153,0.9188666884333048
154,0.9620402121820943
155,0.8966521914254343
156,0.8309062124215952
157,0.7936513308204698
158,0.8401251349071601
159,0.7897399509925522
160,0.8036799142109434
161,0.8517457682134858
162,0.8207260050296178
163,0.9145749631662805
164,0.6766978292308945
165,0.7998961068347337
166,0.9317954741246169
167,0.890677407985497
168,0.8000589728374149
169,0.9397127723786752
170,0.7984891413136773
171,0.929641361425962
172,0.9358102139786432
173,0.9255540344898184
174,0.7071692006360625
175,0.9342633298183206
176,0.9435707897809302
177,0.7687953509159868
178,0.9149078835164749
179,0.9190098837867745
180,0.9364287336750238
181,0.9504390884562784
182,0.9568444863490885
183,0.9301297916750656
184,0.8672022641810072
186,0.7351392387664859
187,0.7371149333402992
188,0.8806111632937639
189,0.78319476848894
190,0.9002342613126174
191,0.9267335993546362
192,0.9485396817669977
193,0.7904116339557857
194,0.9277564474836519
195,0.9111416336943955
196,0.7656387473414126
197,0.9128612530163654
198,0.9328860981291528
199,0.9535160662212532
200,0.839839582037728
201,0.8987879164803563
202,0.9473958498581789
203,0.8500555885237604
204,0.951932943357074
205,0.943186656515063
206,0.8785548458907257
207,0.9480417580305699
208,0.9298551885607931
209,0.8389896043038975
210,0.8048459149131855
211,0.8599012106613579
212,0.8360763992911584
213,0.9157948703582165
214,0.7963082307921199
215,0.8615133960654662
216,0.9482959915497495
217,0.8491643088440547
218,0.9326814090974146
219,0.9019414145646051
220,0.5834471724326601
221,0.9387561054655357
222,0.9132245822429675
223,0.929831332339306
224,0.8300960760025351
225,0.9396816682282336
226,0.9294649076981467
227,0.8548977121344551
228,0.7998072197406298
229,0.9135480494446319
230,0.7788998735220731
231,0.8862776077118701
232,0.8820698539531198
233,0.8060039111060836
234,0.7406351536332912
235,0.9639151569994133
236,0.8769168146770211
237,0.8657497389205832
238,0.925806337319817
239,0.8989874845373945
240,0.9416322378184895
241,0.8508959003733915
242,0.715745995870794
243,0.9322527331244134
244,0.9110630171501922
245,0.7541075315431485
246,0.7546703935023162
247,0.9510494159849343
248,0.9391473519120789
249,0.8965308754568014
250,0.9467412072601463
251,0.944558192941737
252,0.6353693053150733
253,0.8035372945887652
254,0.9465389118039297
255,0.710430022840809
256,0.9054724318964915
257,0.946312896604527
258,0.963118786219209
259,0.8158890296683741
260,0.8194215696216484
261,0.6742519990303646
262,0.7173612665870467
263,0.8257643986977268
264,0.9700525595510505
265,0.9073091182238088
266,0.9016873179297755
267,0.9530060186794166
268,0.8588055613715966
269,0.878032984339633
270,0.9058438192595628
271,0.8594623467709612
272,0.9371648617797489
273,0.8078135586651939
274,0.8952931964750641
275,0.9382519406556582
276,0.8660822521330629
277,0.8533179942874782
278,0.9193804311754972
279,0.8504412449559218
280,0.8976998942818765
281,0.8910274042906299
282,0.7213823733066587
283,0.7885072264680589
284,0.879014260572923
285,0.9384432246457851
286,0.8714301572389982
287,0.7605534796893282
288,0.8546153912719692
289,0.9390064150509785
290,0.8498448190583948
291,0.9145549484151
292,0.8859817001457156
293,0.9576687504969121
294,0.7809677809933647
295,0.8367999222879817
296,0.9556268690739529
297,0.8296026780947177
298,0.9287752121784958
299,0.7418633390360889
300,0.8730582746564778
301,0.8335013483351225
302,0.9414553482906757
303,0.9678097722406556
304,0.9040984942627364
305,0.8262806478119072
306,0.8902483882070193
307,0.9445752759794845
308,0.8626012175463691
309,0.9504049651389396
310,0.931453883843291
311,0.9240169748405176
312,0.9481238466372908
313,0.9046226699834924
314,0.8211414917192292
315,0.7517648982155665
316,0.8761956896574729
317,0.9497606772361811
318,0.587207805854839
319,0.8755894320803953
320,0.8896993611299591
321,0.9205771949926523
322,0.9266769509764875
323,0.910409377404076
324,0.8715781927865867
325,0.6894290241386857
326,0.9274818134198196
327,0.7904563181476735
328,0.8468449922861275
329,0.714313856445684
330,0.9342133724967712
331,0.8920824746944349
332,0.9549612528939667
333,0.9670438929643664
334,0.897888631527794
335,0.8852199192563427
336,0.926209821533825
337,0.9450366720099413
338,0.8945025942440347
339,0.7962538782056907
340,0.9487655854100868
341,0.9357142579768072
342,0.9059696931018743
343,0.7794000465327776
344,0.8924348484904916
345,0.793822040469898
346,0.9409635608276034
347,0.9224102401738838
348,0.8685492774099954
349,0.905657262138883
350,0.6317383885660682
351,0.9260947225233848
352,0.9708774969827308
353,0.8526348534280206
354,0.9507933498723311
355,0.9412955832563281
356,0.9361908914762971
357,0.9052407730118875
358,0.8022308120892573
359,0.8622513635504939
360,0.8795420006648167
361,0.9338012507862593
362,0.8713429889485917
363,0.9358317588561449
364,0.9111219816582924
365,0.9155341848823408
366,0.9533798181992947
367,0.9301118728570138
368,0.8808454335920153
369,0.9526394911526838
370,0.895399089274111
371,0.565430385868472
372,0.8793784807295034
373,0.788597106458931
374,0.882065188200544
375,0.5619710324797457
376,0.8901148775652217
377,0.8729228029349269
378,0.8112293971003988
379,0.944695954720523
380,0.8538840657307902
381,0.9170355849025478
382,0.9199427035087097
383,0.713918399534637
384,0.7522689247334057
385,0.9342206779514924
386,0.8952412295337008
387,0.6575140429670585
388,0.9421991189274223
389,0.8636862414090618
390,0.9434179731558281
391,0.9481348113830899
392,0.8071963221545999
393,0.9049545344125243
394,0.9370375838747171
395,0.9204043600180241
396,0.9156042496528242
397,0.9150019470434555
398,0.8123657482218675
399,0.9087468514661445
400,0.8456170494825019
401,0.6852155561347076
402,0.8167267363297601
403,0.766995306550358
404,0.7769489239437934
405,0.9164256051943686
406,0.9348275032531967
407,0.7248446382224463
408,0.9336782831338731
409,0.6584690736722301
410,0.8915573826593403
411,0.7536752480002752
412,0.8703693062810567
413,0.9555329478790433
414,0.8418951165646279
415,0.9000594730387768
416,0.8190588452871614
417,0.840697597601462
418,0.9715980227437685
419,0.8731061005037615
420,0.9260996116177236
421,0.9308575464162183
422,0.9175323509777866
423,0.9562022923399609
424,0.9285445221196936
425,0.9068798087092365
426,0.7364110045983084
427,0.8596049631805678
428,0.7343948275681526
429,0.9152542567874872
430,0.9215442403187558
431,0.895233392875288
432,0.9298129954189128
433,0.9541774291693581
434,0.9368635310031072
435,0.9256454808672756
436,0.923621995644091
437,0.9616326639696107
438,0.7284816938075539
439,0.7384451105246186
440,0.9082478915935859
441,0.9539188017396403
442,0.9667185935972592
443,0.8051442354335482
444,0.9654091142642017
445,0.7421386451434427
446,0.9456653752018952
447,0.9556845810208383
448,0.8531240919127432
449,0.9194087236231789
450,0.9459208113019496
451,0.9385316733737301
452,0.7779162990694721
453,0.9403650316552308
454,0.8793446424942941
455,0.824779456720767
456,0.8372631290186113
457,0.9017278355916208
458,0.9208392378173931
459,0.9547333179813874
460,0.8713423252208896
461,0.7918725496869298
462,0.8123660021774981
463,0.8545731655779951
464,0.9007403037648258
465,0.7990853859335643
466,0.8669151791063541
467,0.8917375395505983
468,0.8022528878087035
469,0.9630935923031201
470,0.8509322623133598
471,0.9353113962255968
472,0.7285999026289244
473,0.9448510907948405
474,0.9234039847262591
475,0.9634323272371934
476,0.7184979851552051
477,0.7543563063898487
478,0.8182223828474544
479,0.8457771037688502
480,0.8964008012596444
481,0.9661234752184477
482,0.7735072328036078
483,0.8194607583924137
484,0.9220627881528296
485,0.8650990478436505
486,0.9444672963590944
487,0.8686209764506552
488,0.9183955385771515
489,0.7632359238204661
490,0.8588151848120583
491,0.8978434159966131
492,0.9198522927244179
493,0.8837699650740837
494,0.9056022847783721
495,0.8641254829663794
496,0.8562636600977221
497,0.8661986052800259
498,0.7095084667230287
499,0.9274818297687967
500,0.7091355369096953
501,0.661063074064305
502,0.8948290044847648
503,0.9686759486138714
504,0.8825304702188331
505,0.8764033802696334
506,0.8178608331168837
507,0.9454797952500111
508,0.8469902727988149
509,0.8088153086196647
510,0.899489273963862
511,0.7412900529307738
512,0.8709173235182317
513,0.8686540200216545
514,0.9330260006845202
515,0.8018174716401536
516,0.8360761703330796
517,0.9632778177553254
518,0.9247781766422272
519,0.72267609628746
520,0.9629448686069061
521,0.8210381074122087
522,0.8834562373048085
523,0.8847091913962896
524,0.7969793807186569
525,0.8686674868185693
526,0.8760286410661876
527,0.7956009526536849
528,0.8503394916907326
529,0.8248599600817241
530,0.9353978357331538
531,0.944490829151194
532,0.9606789313848204
533,0.8646033342266078
534,0.8743917651332878
535,0.6978329254902058
536,0.9483127851851564
537,0.908134899530066
538,0.9149774452143051
539,0.8873535613129633
540,0.80244728254525
541,0.9235277186675938
542,0.9326271291851796
543,0.843296342905092
544,0.953396199208607
545,0.753993082944516
546,0.9219330373515486
547,0.7342318432939678
548,0.6653116158521157
549,0.8556083909052248
550,0.6962574800299568
551,0.7348241230048183
552,0.9642812406459713
553,0.8982868935912953
554,0.9429260570434962
555,0.8919025612049237
556,0.8119688613404473
557,0.8080435161159647
558,0.7503592645359568
559,0.8959172674280104
560,0.9090284972560996
561,0.7408103347784822
562,0.8819270413157928
563,0.8733095788837485
564,0.6488982629366908
565,0.7312628270884348
566,0.8948727919472362
567,0.9078633621468776
568,0.8180904641076995
569,0.8788735157579107
570,0.952839750302451
571,0.909466477238561
572,0.9223450987919187
573,0.8430736360177513
574,0.9300795290722097
575,0.896679943593115
576,0.7390343747698258
577,0.8749102565255529
578,0.9325622732589498
579,0.9480473203946864
580,0.8826804371025961
581,0.7971286805936689
582,0.9457395289304423
583,0.918640712655832
584,0.8821858134219915
585,0.8769331710367203
586,0.8889287708872329
587,0.9393078071123324
588,0.7777623618658044
589,0.9502250105430654
590,0.9250156242057268
591,0.8361333904556203
592,0.9539797171445034
593,0.952005966373337
594,0.8885759829510428
595,0.8991548950508693
596,0.894023801060743
597,0.8915989273553279
598,0.6419809851980409
599,0.8474522299296486
600,0.8520686325784204
601,0.9020528761355394
602,0.9550392027733533
603,0.8058266419827771
604,0.8645394878164769
605,0.9131071923352736
606,0.9714811327555442
607,0.9311959605863132
608,0.8016338761434245
609,0.9524165967814134
610,0.9316216624328707
611,0.9540409867179194
612,0.8906368500650039
613,0.9303388784398708
614,0.8398776657538772
615,0.9107196893276615
616,0.9296226478037356
617,0.9144224229253298
618,0.8257281662828767
619,0.5972275281421101
620,0.9471652087434314
621,0.9198599349604376
622,0.9243662324705116
623,0.7440632733559781
624,0.8256301460737631
625,0.9416175584809926
626,0.9509371845339414
627,0.6748882717783309
628,0.6990647834545516
629,0.9325981135288925
630,0.8714148881409907
631,0.8467371167237985
632,0.8715779571501674
633,0.6898428098260581
634,0.9355859549935066
635,0.9256480606752203
636,0.665546082852274
637,0.9536777731545609
638,0.831159013717871
639,0.6989606832019742
640,0.8676262075923393
641,0.9294523970608506
642,0.9526896612817244
643,0.956247734888997
644,0.6836501036769813
645,0.8953283529886942
646,0.7043951615610232
647,0.9542424180339864
648,0.8959709757265474
649,0.8957864344475979
650,0.927796803068358
651,0.921602893003952
652,0.9332626859493999
653,0.8956481578443478
654,0.9444027147317815
655,0.9401589154431359
656,0.8886790613786791
657,0.8438287106470445
658,0.7135159280770538
659,0.8776602489477464
660,0.9275015105150306
661,0.9348434739984005
662,0.7732038105728378
663,0.9194699047637145
664,0.9558032438441784
665,0.8386345047600113
666,0.779728710902085
667,0.8176590289192875
668,0.8308112910906785
669,0.9314128502197334
670,0.9323894543395654
671,0.8732030301893344
672,0.9283822539595552
673,0.8440128681230029
674,0.8279749057171955
675,0.830273196384521
676,0.9521158265902879
677,0.9380045729138136
678,0.957664266633401
679,0.761611671356293
680,0.9400879512983422
681,0.9233969714204477
682,0.9482784289267877
683,0.9258310814378715
684,0.9012386402656092
685,0.835029040616133
686,0.750205473662923
687,0.7528659426072303
688,0.7624289387845913
689,0.9063500480626724
690,0.8005436476300521
691,0.9448032982611093
692,0.6436516404679883
693,0.9740851488322817
694,0.8232766669261555
695,0.8847012818867397
696,0.7908825849733032
697,0.8245217147139184
698,0.8122052395741386
699,0.5832831481923153
700,0.8962290591803028
701,0.9390640379925176
702,0.8685510895188686
703,0.9032197390179587
704,0.9720398971389519
705,0.9480828654694585
706,0.7340973904197927
707,0.8935847829090058
708,0.8583679198997862
709,0.8800659106284874
710,0.9088469900604648
711,0.8840419988206195
712,0.9507578387708182
713,0.8739740134064918
714,0.8225548828052924
715,0.8238661666722886
716,0.9567942840463134
717,0.8608472062904676
718,0.8513394047629737
719,0.7464658123593945
720,0.8784025103411018
721,0.9089777673196567
722,0.9325563689995624
723,0.9131574879034832
724,0.8780729510705693
725,0.8591083112765899
726,0.924610934252427
727,0.8550718884155178
728,0.9056727134714999
729,0.8961165890012468
730,0.7866380852946323
731,0.959197265082965
732,0.9350460701529051
733,0.7260663154289954
734,0.7951578118397341
735,0.8766382265672866
736,0.9382044299927998
737,0.815663214105792
738,0.7300166432412089
739,0.8784171335762836
740,0.9710728477807955
741,0.9529151481342386
742,0.9310134655709297
743,0.8500533106797115
744,0.9255217393123704
745,0.7804927747821168
746,0.9589817831538029
747,0.9526813555559562
748,0.9634062953064075
749,0.8944656042741473
750,0.9474692881317375
751,0.8163189507119503
752,0.9166799965971156
753,0.9464973042579549
754,0.7567292358440938
755,0.954888538589154
756,0.9011347818769904
757,0.8999293929072816
758,0.9024868245854144
759,0.7418696116635302
760,0.9147776322177404
761,0.9230932544340236
762,0.8088236406018546
763,0.8251517209609358
764,0.8465200660170962
765,0.8142881024252917
766,0.9231322009901135
767,0.9408477918541776
768,0.8656452245913768
769,0.7031745235467228
770,0.7677752005472384
771,0.6289550478448284
772,0.8300085814533491
773,0.8208155344614725
774,0.9148497118591555
775,0.8797243283870203
776,0.9570420072752841
777,0.9040384849221008
778,0.8589255191208686
779,0.8902245867893984
780,0.8611331178264534
781,0.9235667985472522
782,0.8365385757843741
783,0.8356407720794848
784,0.8814068394799017
785,0.7055743607555499
786,0.9525118910247841
787,0.8150178352062816
788,0.7496217251945307
789,0.9654918552723671
790,0.902033374759811
791,0.8962350841271393
792,0.6820822920264279
793,0.9098487943638617
794,0.936670262218708
795,0.9554118568637318
796,0.7934123240829896
797,0.851185149870661
798,0.9043816522995561
799,0.9701680091929208
800,0.9516656046160564
801,0.9189030720428313
802,0.9403358681206918
803,0.8608397510512389
804,0.8838212644018315
805,0.7721778709448776
806,0.7065117363895079
807,0.8729492250115067
808,0.9114567260192424
809,0.792978225541502
810,0.8359342819140603
811,0.6596987030043877
812,0.8694629748426066
813,0.736009661743464
814,0.7866862425316226
815,0.9215471959836327
816,0.7893399593076742
817,0.898387913533325
818,0.9469594947125779
819,0.7960282295033114
820,0.9472549969248492
821,0.9399411611316156
822,0.9589765184410247
823,0.9135474838981327
824,0.9346914211210957
825,0.8562070837348869
826,0.9474473005363927
827,0.731534213235123
828,0.7442017034605177
829,0.924127713168405
830,0.7891141375973215
831,0.8313358233682496
832,0.8208993528164314
833,0.7407215431078745
834,0.8438161694440188
835,0.8887146390761782
836,0.7602911343236433
837,0.8896803684164726
838,0.9305588882608019
839,0.87876222014666
840,0.6700880124552696
841,0.901022962596757
842,0.7163180311537299
843,0.9502500246441605
844,0.9325161785473028
845,0.8376475564506268
846,0.8752491931849123
847,0.8147798490304197
848,0.9076951539016935
849,0.924182291996414
850,0.7855288527953119
851,0.860425572515977
852,0.7704296960836263
853,0.8180605745982064
854,0.9451016021161814
855,0.9320233727545938
856,0.8694238068309761
857,0.9288764735619264
858,0.845319712487102
859,0.9033287151307049
860,0.9448923769374965
861,0.9257771301107152
862,0.9031442498809207
863,0.953485749324282
864,0.8620493872680495
865,0.8955614670196518
866,0.9325589277961795
867,0.8854082686288368
868,0.7740850825731244
869,0.915678111751531
870,0.690670831189929
871,0.8549187016749547
872,0.8905810454060811
873,0.924625416598575
874,0.9486636920761172
875,0.8251995757357601
876,0.8453917956224601
877,0.7711672291420092
878,0.7408322208689682
879,0.9194231614178167
880,0.7475623542244937
881,0.9003423114720133
882,0.9378704260887234
883,0.8153414911233691
884,0.9616720204016693
885,0.9522580274212052
886,0.9588107924347941
887,0.8710341883570113
888,0.963211960701134
889,0.8947036958113961
890,0.9540624983762862
891,0.9481851148749458
892,0.9574741481510042
893,0.963653844178843
894,0.831623749212396
895,0.6909330009882527
896,0.9016321948609963
897,0.7705614940430395
898,0.938456078508814
899,0.7318785642991622
900,0.9704076620120462
901,0.7942337768950145
902,0.6477077256919183
903,0.8588403645406325
904,0.9018267462207313
905,0.9386397578807725
906,0.8079372556300198
907,0.9066178543883778
908,0.9055846262667618
909,0.8448330734496776
910,0.8501504477426968
911,0.9401462130007557
912,0.8892755040162781
913,0.746070828012363
914,0.8612405377025786
915,0.9231688808246092
916,0.9244772829666353
917,0.8944374460078419
918,0.9612222039685263
919,0.8951140001263204
920,0.8138742600204113
921,0.8200860717044057
922,0.8564527547076259
923,0.8900324373877506
924,0.970215529009068
925,0.916172660463708
926,0.9483079621560176
927,0.7906845159467852
928,0.8524559370981788
929,0.7630404425513929
930,0.7197065418921713
931,0.9026077350947929
932,0.9458607004886851
933,0.7304656462499508
934,0.8711073786698027
935,0.6055312370404434
936,0.8301562245067613
937,0.7506157267205165
938,0.9553083488728102
939,0.9488950017476689
940,0.8772020521847158
941,0.7666744355085527
942,0.9274377007789066
943,0.7600981661226067
944,0.950152230249637
945,0.9075305125824727
946,0.9261926055801862
947,0.9338069208831596
948,0.9115802589967661
949,0.9637932976206649
950,0.8801003665934112
951,0.8670215717339733
952,0.7213281144247821
953,0.9019715445909549
954,0.9377042295011937
955,0.7520133657063914
956,0.9305604665275318
957,0.8274741570222461
958,0.808305888610859
959,0.7821480892001277
960,0.8850085138072461
961,0.8289443016625392
962,0.7699682089770902
963,0.9169262886388628
964,0.9052979562887774
965,0.9497806344982557
966,0.9300911199401087
967,0.7934797770923608
968,0.7077390663859875
969,0.8959034986855651
970,0.7390168869392104
971,0.9099181719630741
972,0.8993604402726282
973,0.9182883740716793
974,0.9552120964483933
975,0.9253046083247313
976,0.8709254321399875
977,0.7727047935902319
978,0.7686299045444085
979,0.9485078121255546
980,0.8071888133960881
981,0.9168645219941688
982,0.8717419889487573
983,0.7888885517782207
984,0.9420047063508308
985,0.6382204250893722
986,0.8903489696471673
987,0.677338732548109
988,0.9097606277022867
989,0.9199278427001584
990,0.7072423180722546
991,0.8676762253277724
992,0.8908263374698346
993,0.906838261126743
994,0.9382105420817999
995,0.9387357088196159
996,0.7904503894181127
997,0.7504279431245777
998,0.7173042592326767
999,0.7891011626457194
