case_index,amp,peak,goodman
0,167351.4529399166,449652.2004716921,206678.70343148557
1,480467.6179714449,998488.4044908106,680050.8020772418
2,225589.4661738421,666385.4435114238,311939.4023015919
3,314518.50489687105,774311.6980029409,471473.0073998479
4,385298.0398255516,813158.9238776303,558621.6573942878
5,462802.2297761559,900533.7402309307,630680.7782132756
6,325544.86633878807,761074.2117378684,460609.243938151
7,485219.31065058906,1004086.2210819868,796249.3784124439
8,268717.2287136062,463111.54141296167,329659.4589493004
9,284718.93160429515,747925.8911578056,393774.37210779183
10,241115.4939917942,697308.3540414078,329914.6255248906
11,369144.6689916546,727958.7807486443,511271.0280518051
12,605664.7012394649,1081770.298701557,1138835.8510641395
13,416292.0036110385,1037274.0688416763,712864.1544871153
14,436852.6333623659,925084.7118884192,675544.3553131127
15,218572.53122867507,466590.2339199477,258404.57190716945
16,,,
17,215679.7902063989,448750.26154919545,253451.5319946693
18,371935.23100555234,875827.9298780339,591273.2441952218
19,358755.4944164553,802078.8445030088,520996.1204180149
20,326460.10524974734,784809.6733042357,473786.0179960253
21,302516.3651824145,654439.4774548031,424216.6960995576
22,261472.6465727958,654746.7575762644,337081.03135750064
23,250904.67023716884,752896.1656018412,487682.1898523461
24,192523.0625827852,478758.2260742168,228306.2689838025
25,468603.7767677129,726950.8054521778,621586.6623415396
26,444091.3765235834,918614.912664642,681516.81913976
27,321081.45541789965,779549.5822731818,465099.84867323074
28,207248.99906763557,492378.2291577057,245464.0691901321
29,405305.3073538901,688312.1005307048,559002.370199197
30,409650.4356706837,919484.2205371408,586891.5786124404
31,280817.3104459337,679768.4519641238,401531.5610128385
32,328919.8019234168,814459.3084295368,487291.28118015314
33,307414.0349199875,715957.845518534,382254.22747689066
34,317677.0774857867,774126.6144587419,472572.9058378565
35,434326.3929088026,911262.414220004,593618.1754904942
36,242125.8005636684,637728.349492772,326311.8718146957
37,252841.20845826736,743648.3682759659,364452.4261923413
38,440063.36272187735,928643.878760478,681791.0230728735
39,318909.25345841073,637253.4408333645,417606.11833406513
40,477646.5069572791,1074466.8419241805,820452.4789579817
41,413760.3582150446,970448.7851813736,619454.5994678554
42,372988.33701537584,847463.1290985644,560954.8022310224
43,186948.98705071496,672992.818504948,316913.3633029993
44,327890.7509755138,688537.5527916467,444613.2507421338
45,459745.8393289346,993373.5078757716,791690.6825293405
46,371891.450597675,946266.8797374432,600208.9715211852
47,440621.9844001534,980287.0533738628,714515.7401481792
48,352858.5822302978,691735.2985343457,471565.62587883
49,197591.07777461337,389238.2888892756,231158.64110213332
50,307831.16860256204,665011.2322031611,355890.11435657705
51,493145.5825829165,1067420.864756273,836441.1260082037
52,301219.82654761337,730555.2871939507,346500.6448209735
53,184407.5214113081,478099.4225999396,225373.23770497608
54,306302.2227850824,534205.6201360995,378442.4744681617
55,208938.487953214,467036.7342934686,255070.0598513808
56,291826.4680520277,542890.4355199336,364095.9610934715
57,337546.8042459753,542311.506902046,431700.623570432
58,286212.86606438307,636777.7039344647,336771.0447298812
59,407459.0105458578,749540.8047985071,598187.4663446806
60,245902.97552925744,641661.3865816599,332090.01187438105
61,244413.01325864295,470195.903871005,295897.6397636937
62,456733.4420630062,949508.6272283985,725638.2007750456
63,344184.2617671879,651217.573961318,452587.31188415264
64,531632.7090521466,1074574.0695550176,892577.0766519909
65,477771.1505729466,950098.6117642428,743186.2545494447
66,409928.592177343,842433.8536206785,597894.6307627397
67,194978.5004173667,474872.25360920944,236547.3096360727
68,362034.1543419141,811444.3460800009,528681.9046712643
69,393894.2190321844,847676.9471765257,583862.818413423
70,431296.9034874841,686240.911935567,586963.6873089407
71,538497.6936231583,962658.5673529631,832640.6545394859
72,327916.38759425614,645751.8605743977,431656.4673488921
73,387795.7967598127,785105.344202969,540289.0611545225
74,351042.5727667992,825332.2727900771,520290.6218509866
75,210544.5227665031,626493.5200791275,256528.43203974343
76,207737.030123541,632626.7600907043,376889.7444298191
77,319478.7274626165,730171.2863835958,424911.7052386744
78,249505.3795155913,722945.7143292027,355965.43778904626
79,392436.0861509293,838074.8896302343,593635.1459186398
80,436245.3505797985,953446.7276175696,726643.0847833075
81,283745.6455779838,921101.389064845,418051.177284946
82,267806.76109638246,694032.3300359016,371858.5105218388
83,330189.1661514103,783652.2925783204,477950.45229074766
84,170655.99918337635,420457.96640088304,205010.0365773589
85,330680.33307398006,816488.4563585892,487781.0435631939
86,257771.7172934785,499474.0361484392,320808.46086004365
87,192843.05677521595,504846.1826550889,229294.7847962831
88,433205.4122553567,1036233.28532106,734568.1059581286
89,360134.10822428926,701362.5207869005,498039.3515148143
90,192117.64316050577,457309.555012056,234485.6567503362
91,316407.2895874736,718213.7798056458,418955.70574823103
92,248571.9024540828,508511.1249090888,307692.1416389501
93,171857.23557598836,538185.7063904961,216995.1481642968
94,338301.3418281837,736178.4678419679,455582.99385627935
95,486812.7282528124,1022752.2313653304,813141.7893567553
96,301013.30347166257,998805.5934027876,524712.3504139392
97,145106.87974307794,399260.632191546,171857.40217313802
98,252065.72017960725,572800.5486043548,323972.77249686234
99,250124.66987864903,720701.7175988631,331591.93216498976
100,112849.88676161002,504653.683053656,138338.5645309377
101,311028.4868164294,764090.1924290846,419883.1869570576
102,202734.7795869641,431622.1723451616,244739.76092232965
103,625439.080008154,1301983.619133269,1276298.623173775
104,327840.90516899026,824693.5631899148,490512.074039831
105,213618.9213005475,422748.7038876772,253695.3301295176
106,385014.1046970065,778113.7611084294,547454.3891451097
107,252822.14454319532,595897.1458109213,317579.0277027365
109,412985.90330179513,951532.0350888148,548943.1610584992
111,305007.6026512306,746654.7940040497,445571.5298984795
112,153178.77069415987,447842.7204043336,188044.92251948797
113,480478.8165739816,1028984.3482916182,800474.1195859583
114,225632.46680821045,435061.74815252726,258767.54651558844
115,349941.67722075764,722779.8387839887,482042.63397249416
116,491896.3831450783,847025.5368532634,732022.137963322
117,508637.3891063251,1118662.0217702244,901833.4019457144
118,418793.2263629051,939527.8335285002,659645.78938497
119,481134.3851030991,847961.3665939604,690622.7330840288
120,225046.67750185964,531494.9199577706,284457.35109987884
121,322164.6813954507,896562.8182035597,464949.0527752075
122,492076.04480625095,785458.4514056718,719344.6307432344
123,169028.30546694898,521538.46290604974,225966.78626473396
124,346314.84111559484,750722.1143257522,509193.7071964182
125,466268.0377300096,904196.6298048474,701413.3013642686
127,168126.19033299148,473631.4895894741,205557.0666822822
128,193614.7765710686,437990.3380531743,218667.1320238952
129,359178.5301088685,754136.4572187389,483002.0258900609
130,398772.088191786,933549.224645718,632365.2073042088
131,228355.98478146587,688063.5564742767,303532.3361381838
132,215201.30730872523,452214.2075371613,259929.29729974165
133,169063.25781983175,506609.205637497,212473.4230512332
134,280784.7435822696,798211.6437223998,390123.42232493375
135,344185.83922420506,806582.3427390174,513938.4242336197
136,319445.9494724251,572100.4531373578,370940.0765683118
137,415367.51200501376,723407.2980494396,559691.9689612477
138,190469.15840230868,553331.8656581343,248221.4979186777
139,395212.3344923454,1159238.229668912,759329.1815669965
140,296628.9225983152,547371.1641539712,370538.5167913585
141,453673.83250779286,673583.6920131014,651876.5542925614
142,361038.9684247877,768426.6139976378,526492.4678107802
143,364245.3282928836,713044.7887559189,536881.6085134555
144,256447.64095693032,478324.4093164808,316615.89568061224
145,163698.09867437265,478528.1247775902,189071.94709546072
146,142816.27338101313,379507.8171082824,169367.23772129527
147,271507.4434668396,501503.3868128094,335865.46685747965
148,387695.1030449896,764083.7210390466,550345.2789533396
149,408659.27208592586,1049484.1059960923,745753.1966072065
150,325835.49128385907,625806.5931685469,434663.1687432764
151,239896.1861942268,603592.2566270401,308854.95422774187
152,235564.1898279528,498983.10597683856,275274.455270431
153,437663.15638796455,972706.8624120192,702032.7255983539
154,304046.2196241651,926935.5352703744,494758.501245412
155,366469.3456426603,773655.7123717713,516399.656216733
156,339238.89294543257,834968.959213409,455964.1227945816
157,381622.36224799807,636412.3086941428,491092.2226661295
158,460368.4782980752,854160.2759504778,669128.5969831353
159,143445.72784023563,346789.13551814493,165921.1578212143
160,409744.4686454749,784395.3903312037,583647.11407005
162,429294.43630817306,958179.815132438,533307.9025632793
163,377959.5006836395,780514.0526303984,543748.3092953931
164,380384.7948539555,677672.1081064485,474282.7622889234
165,398698.41641535127,716869.6084808507,534139.0138709683
166,286799.6444942089,620122.462299474,384193.2819816249
167,195946.5279942684,455434.2978471319,238674.9864010064
168,222897.57380874915,533612.6293134884,275794.1036708835
169,263675.8511921756,766048.1827188163,358508.09327296703
170,225100.9771756612,447848.6062345728,266522.9004020618
171,368528.83016331296,814639.6667597583,538146.5758643388
172,238364.3604804473,553541.7930854952,304219.5374187021
173,272031.7840389204,1014216.5542662684,597332.9169349588
174,489835.92229077686,852662.9168865727,707438.2663213656
175,357148.8398258157,808784.6535017772,526159.8109477374
176,198258.34102189413,554299.065455546,253210.22922464437
177,373458.08788603183,673584.835901284,493018.2088981916
178,266423.3762920703,694051.0432848033,370248.2800005204
179,138746.4051313985,341701.23736983846,164183.1475936412
180,238093.49807480365,667714.9769086447,308364.4750430315
181,287467.8739496056,706150.7053150148,399868.8155683293
182,459241.6368069942,937642.0195652968,742575.1130768034
183,101201.98479317434,421614.2628474345,121985.21262015228
184,322976.44968417747,708566.0120019896,391378.3723979589
186,460565.8169687535,660171.235908263,617390.546681521
187,194260.2032160951,501932.9569832573,237311.541328198
188,141691.31635641365,429083.48040099913,176099.1566286158
189,379075.8940610251,774333.5930568869,502882.0192494317
190,179379.77377629647,478242.4473589754,221279.61241439916
191,270672.4410921504,600423.0399724003,363822.53022974497
192,411057.7524248676,901466.7062732755,644204.0372390798
193,267925.5000742197,508681.3344237354,329704.38300694403
194,161298.64997998008,445186.7626951,197788.4950674192
195,335168.4519969707,862507.3093422342,513640.2484951575
196,280154.45406624523,461699.7037727102,333831.1556987085
197,335828.2900796199,900519.210685653,505510.6824714945
198,395904.805014696,1064045.9251982633,698302.8594065999
199,324359.2073833586,751712.1803653309,466508.66259384726
200,356416.8125311472,827023.533314426,474188.31517143216
201,445637.5603577644,920237.6509413604,701250.2152699644
202,336467.2690686427,715463.0834666602,463199.6856970327
203,166528.89624908392,468472.7541872639,209878.82923587988
204,272365.66358927026,766435.6602592133,404628.8503202282
205,220060.65417697476,650487.9728351217,296583.2871743771
206,,,
207,300534.1169545278,768175.2553319938,431794.674635213
208,268779.5153031439,721496.8855305796,381386.85614638194
209,281565.9534988623,563324.7832147139,356648.41989365965
210,332064.3713021305,696131.6073282418,443880.7344714571
211,314139.2218089742,686777.3912180674,427507.6903473986
212,348763.791679497,633592.3285970732,468741.44764942257
213,322792.8709378545,657591.7770858171,428279.39005573234
214,255503.7734615967,675368.4012089124,292837.9346545202
215,404734.1684781717,892512.9973413715,585781.6269301738
216,469670.6119542386,1038551.1685421268,785555.2772397981
217,483654.2821904797,1002144.0341692832,798208.965775907
218,347540.7996898787,791022.5440469303,499284.0431899843
219,342105.8344823426,723135.0048986258,472548.7058529804
220,265609.6950719195,385090.5861551617,316992.4413071892
221,249911.6211688401,690080.0896236992,349694.6158677139
222,364641.7299216584,786705.1575369918,522196.3135147984
223,406328.5408547875,923823.0187892588,639939.7859800068
224,530077.5007400878,1054879.5707242133,876339.5453587106
225,280455.77661991713,739650.362589096,399055.203707704
226,495230.78941694734,1051640.878275801,870928.3116185487
227,287121.5198988939,672756.9183520126,374064.3565207839
228,231537.96975248263,466260.93073838216,279837.49394562
229,307103.120593034,825016.4225474593,481345.31819957175
230,321083.8349974879,583533.2010471664,373479.1282325162
231,263884.9198175126,532645.6483732995,340719.34591661737
232,307773.6713493387,697664.963383143,435215.69393532537
233,210345.67144998824,517328.18789014255,255661.1514994266
234,404693.92057299055,730950.6342736828,562289.616977406
235,304587.1730161574,705490.8461305841,421096.548931796
236,272830.7982919653,693826.537940107,353954.1883624425
237,335136.51502762205,922502.2686988224,457110.4640326276
238,354827.4225041687,1042147.2930978786,625101.2630155224
239,325626.7909621904,844003.1128990065,444680.9421246023
240,242113.74595945756,692555.9405941752,349852.07280162204
241,146160.90596998844,468372.49535276816,181732.8470958896
242,412676.2561555775,652250.3978453646,531832.5852468117
243,330386.83766299475,793504.6857001034,459321.6828503106
244,166781.44594982394,406854.4291943576,182398.28400122555
245,479472.10328698246,677039.0024730535,757925.5573133809
246,214275.151641131,416746.57002352073,255816.14391342475
247,193311.12062972007,673537.4574856227,271638.89986971166
249,194237.53390214287,492809.7721410666,242232.40145637828
251,257308.5435913996,665915.1909587346,368423.4443963322
252,349160.87081677106,471626.47392468026,417849.4879413685
253,334831.13607280195,724603.8512893658,461194.1750576876
254,256816.26239770217,666243.3396317957,373503.9018087616
255,292469.0286090499,635230.3404286087,355339.7927974877
256,304981.66683230974,753020.2461750475,422409.47153003735
257,240765.52910302804,584335.6165712349,314271.8604036077
258,243268.34659797917,740603.0867464712,359279.89093632
259,536016.449047405,981462.3105612316,834009.7383408829
260,361148.7652986264,711267.8632436943,491590.80800782354
261,442700.0239011094,880726.137149762,568465.1169863543
262,578091.0110646103,947086.0006892476,889099.2335427356
263,530883.432847006,1099925.1646783554,971684.5467161224
264,343583.36844602524,958915.2998816796,565721.2610780688
265,318900.5174201642,641905.1742877088,441762.5537612589
266,396012.2200005686,849977.7954303228,597655.004204691
267,453986.1483016034,1088308.8922206743,757230.8133976867
268,315056.2476388224,928786.4321806862,582067.3215419004
269,264278.72088796896,839682.5967432151,480873.1486645503
270,302670.3565457131,720181.2967635017,431338.41472432704
271,257459.5726456825,501661.0960422386,315455.8989992117
272,363851.74916907295,1211266.53382469,901046.957820132
273,232706.52503125585,503225.2983632405,291322.4088152238
274,406219.1835313375,832664.0519483568,592832.045120371
275,280032.5501317168,699703.2484149412,388915.97523590986
276,280731.34347762214,564121.4404180272,357092.0110029329
277,381745.8870447409,768561.0091500195,564253.6297001515
278,399709.5167125017,817487.7649423577,578310.3525593904
279,408222.84814973583,869256.1217319728,625995.7489080495
280,442749.1174534455,1010459.2712845124,819224.1705211576
281,189221.08521968164,518991.5719134453,227550.67153775305
282,444612.5783781022,759522.6018219134,608102.0682987064
283,479988.5987415309,916880.4501148527,736816.2024491852
284,239617.07534042172,487193.2066027924,293538.07797397155
285,156292.2290155929,480443.1597993267,195646.17220145697
286,385927.0737184547,841843.7692421994,586704.4226848291
287,181358.62520245824,409862.9289231185,215798.25733219265
288,399731.27019089216,715937.1059986227,550856.9646878309
289,454204.636504186,1205840.8727597997,903115.8566326412
290,312602.1784982097,723993.310298185,425686.4263832524
291,319098.0143525368,843751.1828421345,442792.20582956926
292,388331.613162737,895465.2767992463,626499.3673678295
293,319701.3046764253,715558.207823935,442716.5235238441
294,378154.5805851088,755634.3773574358,521555.6645708893
295,323687.45671900944,792258.7723801482,508282.6603823223
296,267454.4794934357,799386.5446689586,370157.828791297
297,306165.985182564,670465.674258077,405557.2447231687
298,210844.9225298913,548721.5918891731,269483.30130856583
299,456120.0702827125,833238.5455301956,639037.7804660688
300,439611.3203747773,864811.0363207621,648875.4074468988
301,368645.6906818144,656941.7866978496,504418.4555272769
302,375940.55173606257,813833.5507515721,547113.7972255923
303,316109.9039938653,828735.1991469056,475597.0102958763
304,265779.25172217895,692367.9880886752,364746.3460377662
305,379823.1994093731,871660.2220258092,574231.7563791507
306,243300.78811571928,637462.3023085168,315918.940800268
307,444534.1104108069,919739.0204900234,682571.2818597342
308,325970.554664555,809907.1117080961,450713.6171874738
310,172644.40462086615,452892.6601057783,211387.2320535063
311,257478.0718428714,608468.587202468,338727.2099811748
312,216772.2941500754,663807.6836832126,285477.774666042
313,186318.27165564647,500086.0187620776,218621.73540235663
314,434567.43419390166,819949.0908465235,608829.3393747722
315,512107.77238480526,930518.2805292256,871722.4555623652
316,400934.6644755556,799989.0189166428,572569.2887337888
317,361627.75994498224,946424.6254172928,585921.8208645823
318,316518.1113429404,405258.6635916991,374667.6649677935
319,269229.8480624873,581569.16170604,346469.05259572744
320,370982.7871014648,682426.0091205579,515627.0146841214
321,326641.90847094764,793863.3863810326,494775.6166602229
322,367385.5533318032,919554.6506076436,1267824.6004870282
323,223558.43488259197,552274.9105644987,286704.51093353267
324,286938.74938598473,684335.0592820429,404750.3334189621
325,311803.8378607126,488794.9328610269,396093.2069465667
326,291740.5767898004,700874.3356544912,436397.41857962427
327,296111.98017720133,519963.0102610811,363753.2920964195
328,595753.2823011165,961329.8745750109,966957.3048414476
329,313146.3535056202,510986.8904378853,376644.1866870384
330,383770.36204038025,1023004.1924981654,663372.6695942766
331,304953.9682320828,769928.8944511327,409602.1955872226
332,523843.2373341707,1116403.2008052936,938259.16242414
333,245297.41950688523,695759.3638679639,321630.5539784132
334,234819.39747888083,442611.231970662,289817.005806502
335,382262.0593533496,794629.4366854125,547560.0834744523
336,370154.2025195115,910588.2607212488,580872.7295148358
337,413776.5588813009,893885.0511059946,651065.3140142194
338,243335.32832862687,670637.8818087619,335789.42905103375
339,430398.4660907844,825659.2273799784,586345.5243822883
340,327279.1249812464,789619.5322011441,476251.2625101193
341,222840.70832841305,623137.0541425286,293117.1354093675
342,257221.50656088,600835.6411190478,336750.8897046744
343,573511.7228552563,1112770.3431541794,865490.0146192631
344,341492.2882955529,903460.8610526494,495518.1062705025
345,402322.6637446201,801251.0361721949,539866.1065958975
346,270165.93462022976,794429.8112491339,403036.41085877287
347,369999.1822288909,779790.3242613523,525396.1333983013
348,158049.6214310863,486594.1900519275,187258.20483904288
349,254219.4820011714,639315.5532149919,343018.3480698617
350,386073.1656653399,549020.1486505496,466535.2978769286
351,455305.87102722994,1013017.180096394,606270.3490199764
352,230429.066576198,756829.1952107218,339512.02526428486
353,176782.71106767235,482694.9985542687,215810.44492807117
354,236711.6874620909,689700.7100021467,323978.34807448013
356,293824.49815815646,751739.7431190895,421203.23387707525
357,448896.5409628488,1038423.747723748,722016.1080048191
358,313675.9389749724,889680.7063676314,511565.4738993056
359,418936.6055079369,838795.6242552227,620784.8604899017
360,471269.97813268175,1263239.4611117884,1037165.4573346722
361,396806.2025973453,970468.7643129616,652540.5055116073
362,376224.9739984075,834921.2845604925,535648.0867564867
363,401551.93300582736,953041.1212056266,674329.2415923555
364,606057.8708099346,1062448.3310240116,1074527.1251295523
365,406585.70671262057,992367.8418708683,674335.8825124989
366,285836.87572305405,806238.9377747055,437710.7720377742
367,172687.82542043907,558306.1061293352,221145.9647501838
368,450999.0934540162,1026064.7693304368,782181.1395913373
369,477604.3927159802,1131735.3676139,862914.599805968
370,193776.06274517256,446512.2139312695,239411.22471761427
371,285627.11174014694,659028.0219618239,330997.1388029069
372,290570.5683750822,612260.7659566943,379311.8414341139
373,203625.7818976854,565860.2808998297,243093.3143673321
374,379464.87684777897,1039750.916143734,760544.4023997895
375,262918.6884874075,472101.9260364588,304789.0470204705
376,311678.6070909647,663543.6162250042,417717.01151134114
377,283439.037204394,682591.5681266458,388548.1739807809
378,604541.0017158691,1053841.622932089,1052114.9222634735
379,595999.9130372775,1158333.0933123657,1137223.2455814455
380,249712.95672300956,429276.4742949856,298521.63158447813
381,317728.629169758,772296.1038561212,446108.1617311773
382,388767.4715305964,983197.215718346,642041.0675756399
383,236618.8657196317,596628.5807660355,277469.8594474086
384,188398.7963102605,505762.6867153367,219844.20502608785
385,370673.863888161,827175.2509968076,545527.8720971503
386,333890.13027634186,802591.3592182336,489277.1414398205
387,349466.87620482565,661178.2433376146,421221.6228730202
388,303456.3379773598,843970.5418869092,438374.45596200303
389,168589.84237698858,409574.7833525135,201137.1516122697
390,199042.86129909524,531730.1884113102,253899.20116678573
391,234066.60925299293,648409.7019173137,329148.6735932672
392,165816.87815142606,531465.7025549378,199070.7720650425
393,395686.53628334834,1114788.2244013308,727442.1501910994
394,264152.6618795746,688451.8903271673,365957.67948093713
395,375151.3476328995,878818.3937102264,573294.698576255
396,436299.860917064,947787.8461674798,665252.258716463
397,493088.6293385797,1025682.820870682,807775.3916937888
398,396014.949943181,846900.3132751413,548491.3267181696
399,110918.0232225972,467996.6008008605,132743.61625957218
401,229778.50129319585,395595.3949679602,266163.0387783621
402,488604.78497650666,914357.9571673664,783856.6985560337
404,397382.70345281326,771271.3145377517,556732.0497342844
405,144229.234225087,459380.286704923,174702.24067726458
406,355001.8307565455,942546.1489141164,574836.4650441414
407,453072.292720207,782304.4652731719,660242.1939329845
408,408230.2329577839,902787.0318966946,648400.3256759621
409,301299.7727745359,639980.0929835743,347752.3725102392
410,479348.8653432136,969737.4539473444,754851.9345484222
411,376835.8670243857,631950.0948544891,488994.41915475926
412,220517.0597911824,493747.7089211673,272637.1136111977
413,429096.0868683664,907086.4287436532,656201.2790914922
414,284371.44888441433,700486.6208090748,361480.50725396746
415,361669.1254074572,711422.6409097534,497127.8985623008
416,398358.6158378696,876493.1245292388,600820.6139195219
417,275919.9658717604,548961.3836020983,343224.64341134066
418,414095.2766181769,931239.4107804494,655982.1430722972
419,364966.39878454345,798285.7701119182,527263.0794559071
420,218613.51777413997,678238.1784579182,313412.97349128267
421,285998.1384149065,681130.4654510717,391123.3823437175
422,403381.09248247166,882464.6690381272,647351.3490852338
423,382397.6119861957,957455.9059390636,630037.6056349213
424,141673.89886128125,426673.7420215167,172391.50986123225
425,352620.1087773973,784693.5182234065,510269.7179395831
426,225882.7510251566,474949.9536280574,276011.250988279
427,395773.0133945501,1011367.0110446268,666102.4783356851
428,399474.1298624083,774664.35037548,531855.9850570259
429,351642.20105830324,753577.6686345381,498932.7744648819
430,294581.7435039674,849574.0459361951,449897.9598629191
431,369740.62403497344,772660.3475383946,537364.0453985011
432,290941.8122596904,707451.9265326099,405169.1171557215
433,276192.09254909644,782421.1780318185,400077.2785341666
435,234720.84803635092,609354.5826661082,311388.7452681759
436,246027.19704055137,691319.075264154,328738.2648927112
437,381438.3630323818,901169.0593669724,591539.7190549074
438,409624.07883060497,628514.777414391,548108.0479764885
439,267748.1124290719,487337.4164161683,320714.1041682936
440,337251.339704519,891592.283321388,527924.8091204219
441,176579.13830824394,533483.9782672218,227177.90923384283
442,420244.6614943272,1050576.8446926123,793020.1041862202
443,320583.25340619835,795840.8648915153,421137.73877530446
444,309625.75719502615,806462.3963934657,458637.1470022947
445,336493.1808305305,795208.5462295096,445845.9251499701
446,412261.8088060634,997547.1479517044,699001.628263993
447,150389.97189898888,513595.5483389685,192687.93325353783
448,356466.9625057638,843690.1129487682,498014.5477760495
449,248603.14074270785,548451.0669182192,323016.3339509261
450,218956.8622231744,640505.3909016454,299928.7871527986
451,369709.1081393974,939902.4683507232,602246.0593849975
452,356376.5485077544,637024.1955932055,489100.9807448751
453,320609.0135009136,712995.2572779164,443041.96581431455
454,248691.44724830132,465119.394463281,262118.7633963521
455,390410.3953585808,974037.3007103124,639594.5203384194
456,262479.1834311957,582717.8308334777,339485.0762292803
457,166226.89572748973,483038.28387043066,197230.5023054938
458,226953.34889402968,651279.9401731543,313633.1056384524
459,261652.5719016922,765134.7384118676,389478.0738283077
460,293845.2474514905,640228.842705073,384634.0603188877
461,323018.0453651716,809906.8537280497,421944.5203182863
462,305799.7428705341,792146.2689072844,388606.2659623065
463,221291.38252239983,501443.5828918069,273854.14834046125
464,465210.81506107457,947735.6496820988,723781.5568015934
465,209351.4974760489,419822.83437202335,250842.48996631423
466,165109.26635421655,446015.94561062736,199371.6975988553
467,290479.96569954365,742211.4671358459,413652.9245003482
468,490448.1102767861,982965.0356272022,777099.291718072
469,362153.1856610068,829744.1726431755,508546.7899167641
470,192442.42076703627,471594.3800998275,237019.7714105012
471,264670.0200740413,730596.7998035337,377310.8571085885
472,525985.0869004469,907388.673253628,775856.0993838259
473,441481.63202189386,1027292.0108227006,772227.6260287181
474,219267.7601801925,587762.2553420498,288970.97812631103
475,499905.0646362117,1124604.1472191387,888613.0550007779
476,503362.8373242221,1057098.7873902435,584731.3998256825
478,338142.20118801383,659253.5373858588,447924.5851214445
479,286308.1127045771,437430.958066728,357033.83311246964
480,281043.80300153064,579266.9604930001,360022.96440013446
481,362101.55628236895,831743.1593574934,536717.5902277845
482,439071.96315267147,736135.8533067309,600925.658261407
483,190179.09705691412,403121.838745872,226513.3779273928
484,269637.0593870819,695684.5911125278,390049.1194802083
485,194513.1061276377,477185.8352794653,243476.29474497537
486,255797.2486558453,779729.0603485589,385748.1011335272
487,418589.7565099599,790085.487411982,595198.1503382475
488,347103.6119074763,834583.1461317651,519329.0669760981
489,275735.60825876263,610837.9385746728,354576.5311780387
490,339409.4928048961,950282.2142917664,478560.7458226866
491,366742.7067154904,844968.2466365058,562904.4541961937
492,245968.11591760447,542737.9164570012,310974.48327138013
493,412406.49807517166,875311.2186170549,577362.5592057449
494,306648.62102717854,800866.4034967765,447862.0072104977
495,423056.1651907824,1066954.6765260494,737723.2654276262
496,363159.4741077876,796968.2956678207,524706.7185639121
497,210759.86603794715,468595.1505416146,248802.2987211637
498,551645.0915975774,864531.7348127109,777416.3238942698
499,415765.1138269787,873420.3767681585,623241.0725612732
500,310167.79173355625,568468.1575121166,425064.5622460832
501,196453.4368935677,517561.715012321,223671.21726047416
502,270791.17203980935,649986.7225232815,371005.327618194
503,224824.217423704,566228.5182355813,293185.4323879899
504,442136.3565728473,926068.9959412236,674878.3664470644
505,323557.72096469434,706742.0881498633,384670.91111571336
506,308416.36033388245,646925.8614821263,411070.17377848993
507,301729.24114903575,765539.5320029594,420608.3643306392
508,363365.7070205313,920852.3722124458,575025.6879467149
509,323781.66745465004,790876.1987246063,469478.9887796495
510,368139.0440366019,859141.9373746169,520040.0290946945
511,554707.0559143219,908221.1813943436,810305.4343611561
512,331954.8270745622,706598.3184460164,454888.2531336307
513,211896.22116493952,569266.3749250014,270497.4216269084
514,419055.0549053749,917387.3016384892,667592.4334849808
515,478333.9288975987,940031.054023368,736419.6586260594
516,270202.0982400589,589585.9090837489,349627.76017396845
517,270705.41853318416,841235.1201844594,418388.9986050536
518,312190.3947534449,673198.531189662,433676.2670310333
519,447050.1900149285,748276.1610803512,581405.5012722544
520,245859.29865546647,697423.0781742727,347068.47487239825
521,269453.98910889454,514399.6094911722,332694.41808469343
522,518308.53349979006,1067783.725684128,887884.8523484165
523,209549.22047709467,555203.527666822,302348.8166542792
524,210588.77034121912,412551.360287167,247352.4999552646
525,327833.6188091988,729469.54390965,446946.28414019407
526,,,
527,355150.99651389377,777336.1929579322,478339.0842395339
528,272571.22729466314,599879.5120496809,354816.6428390858
529,327416.7888369407,754914.4014017336,438310.0419720973
530,179264.75913486973,409165.1953681854,213602.4505784786
531,322757.2332715394,757452.6937732615,455095.048414318
532,228873.42875582777,707486.922275439,324992.0931229036
533,339226.2082812413,669951.4971517514,452224.69662869454
534,242851.80946887695,555743.9925088524,310139.4317928245
535,253719.21399159287,451016.2799208888,302719.2638310501
536,318758.2251644785,700442.4864111079,460499.6887951319
537,385944.9081103061,830213.4122232219,557578.4341190568
538,240313.4183343784,578657.312093451,311922.20869618934
539,328164.3701386401,682447.5492366742,450799.18020583206
540,339250.9667352764,548460.2629330548,426018.822117822
541,327101.87545302324,969203.1452014224,463190.0442016077
542,257755.26985032376,668351.9790492267,353548.5664944436
543,430863.4601355219,841388.1066441895,627148.0529907453
544,302776.49782911735,784943.462558038,426570.8153888509
545,289944.787945902,692793.2907954678,350169.11120090424
546,500928.7323486092,1066625.5716328395,846278.6576746936
547,441034.1570392355,781883.2188094773,602850.96498724
548,246841.3510362568,399073.78341057175,283974.2015641261
549,163123.7949384311,500189.7414197212,198499.4925026525
550,206775.98401523085,381734.3042230725,240206.36681934964
551,229996.17117262995,417772.4126506165,274936.2589545089
552,267012.84566467284,810495.239578321,404507.3089648332
553,287270.37416309887,815856.1903277411,424817.0253044048
554,546350.2156500675,1072837.9950532096,910328.4318705838
555,428510.5892473285,909377.3351611692,663982.3781714763
556,503125.9908132123,1050899.195823396,664781.8089458421
557,265410.17979327583,503263.5816887959,325768.4928998733
558,259955.38461070776,473892.88723533374,307803.20251097245
559,417745.0571921988,868068.065025275,632153.3537122286
560,321403.35867413844,709018.4464992757,445792.4907850727
561,431695.24297070544,803660.8194245717,597702.4392622827
562,175524.54278929715,439981.3701574159,212591.09985256783
563,357675.4210087535,767292.9656092467,506785.85907716735
564,359735.2660689498,572357.638284503,447439.7812393221
565,449548.67429997073,815515.39571569,637993.3328064173
566,468552.6783789023,1074558.4460400504,819134.0081475626
568,459647.7292491082,805986.8712425609,687958.2076122749
569,401198.617441549,817917.0096362797,571123.3554294128
570,192847.4162175752,547596.3801081704,252795.30658688064
571,244125.69544132243,537174.9829720305,319975.8442390232
572,594481.6841806639,1355905.6546532377,1324837.175432088
573,389790.8135493971,884945.364178418,615702.6757600184
574,165575.49240630065,433245.1282187592,198254.6409641624
575,558517.6326330658,1139165.8426258883,980383.2720552344
576,210718.6113819117,392800.20276367967,251569.84424675835
577,366989.0531942113,728574.086347161,504407.1076385549
578,322969.93857743713,735222.541888045,398720.0453323294
579,336391.7709134026,872737.5764085685,518382.70606254064
580,407830.5246774081,952359.2488585135,614080.9891019964
581,271299.39293376874,500330.8409839142,338857.35888403445
582,408669.8966087717,1111596.7127963246,730066.3847384453
583,227106.11750475204,528257.3670871288,286501.378720072
584,349111.52061696706,980173.8453918004,644504.0483857278
585,193564.5528861348,403271.557735548,244137.88161143727
586,298479.04677705525,701120.1080560299,404422.869419629
587,440964.2303597709,1025211.4197758824,773884.3490939053
588,312252.53875189164,570427.7187100737,406000.0677373874
589,397822.6780068767,1050176.3387146585,710252.9366475377
590,144879.52813010238,445056.44827329216,179430.41687310475
591,326107.0085958872,912690.3039344864,489062.75714226894
592,245691.9459370941,623390.0620947228,331029.459085545
593,412759.3685671624,1014764.5159625832,692780.3836635132
594,330215.2728711094,663888.1606975823,440758.0025036062
595,267486.5129522989,791025.1162704556,363026.4035178722
596,166226.32309904508,454085.609667355,199916.8185353332
597,319821.61912372586,841521.2305136434,481781.37375231605
598,202790.2173352937,470439.437154551,236552.5148254048
599,262540.79238746833,506509.9154539616,345866.9829567849
600,270249.789962342,843639.3149304352,548587.4030826507
601,326573.3889922828,925630.5779202906,542794.3122109411
602,173915.1728434101,587051.4150501828,231898.2222197612
603,199159.2230122024,404659.6456870176,234844.32797906443
604,534927.7876937789,1359537.59963368,1200250.704386432
605,310367.2425355588,717587.9871947989,438227.4320523055
606,406484.4187038534,1048567.1363739028,704026.0684265774
607,241638.8885500345,659416.183270976,316635.48407821474
608,224071.5228493006,430071.0112374832,274088.9590509496
609,284628.9024955387,785208.8606405217,419449.5261308949
611,388871.59873826057,971833.2728110448,635662.186706187
612,451683.449764768,959958.041976026,659469.897597558
613,163355.66663127867,415720.3507865343,195630.82602838884
614,301120.5293503146,672953.2743934452,389393.5135138223
615,395128.08645042585,861932.1482698125,591674.7032558364
616,321006.20817401976,826462.9298830669,494579.2004075107
617,414131.16689043154,847712.7261647679,633359.5537606081
618,201512.8511830176,429614.4710277441,235678.9303875643
619,413539.5801801609,815066.8214142668,514265.7939009189
620,385678.2704729192,1006793.4708006948,591847.6557036735
621,250499.7302066938,780603.7830257902,372555.3061516339
622,294764.038820185,704013.9685272307,398740.0469471205
623,394400.0470792773,1135891.6577265016,859477.0234569758
624,470194.44701448607,928356.1377172264,719181.5322659285
625,487760.6299032992,1203887.3190175712,953220.9353772042
626,254355.5328760456,648297.2663630088,337005.2998126895
627,395638.4286079244,671939.2930202085,518571.123391391
629,448446.4265874792,979522.8068326602,734751.8891849361
630,246681.77017481704,602416.0301990603,324024.2059904506
631,277397.9541061532,630358.4289872807,348316.7694738775
632,190064.48157515755,468010.2706281949,233723.7325707629
633,184043.42870105957,456654.6499056186,209507.17925114592
634,298211.882426337,860712.0714293548,522417.9943225672
635,341714.91277018446,694756.1962823009,457520.2024830701
636,370164.9585947695,562297.546109839,459231.0905446405
637,400353.5401801409,1051460.0259126294,696355.3285757381
638,273812.40637877735,647133.6435472801,367600.6392878688
639,289919.20614265284,562981.6399449303,369564.45692290494
640,391879.69282633706,713750.4401286604,529255.8605875146
641,327099.9144273468,724830.7181566276,454709.8646896848
642,393797.30040972494,809861.085572025,567820.3461905023
643,230650.92532180852,609998.317771392,306446.2447313907
644,694130.189922289,1175776.6967037094,1183338.2738090395
645,171754.34256389865,492018.77042098425,215909.43829172984
646,235947.4997146836,341015.85830256576,308064.5318012572
647,521533.1880656632,1117794.4320323227,911947.9567838296
648,496256.9303698657,1012406.5762940588,872584.6902573126
649,318772.5230158021,699091.5466315795,433230.04414767376
650,223942.1081882425,623238.4382840345,291036.647924306
652,539051.915533969,1028650.3567440704,868792.9368404764
653,407725.8697095,845635.1965710681,621803.5182065067
654,293766.7306059663,747874.1698138842,419964.4977624844
655,247904.63574728655,673939.512108318,361796.55490531074
656,185252.86891769664,461566.45325515454,227091.14077478676
657,372484.0118129587,763297.7292510284,546835.2479839928
658,442177.0264634463,930658.3860328982,607270.3654439527
659,212364.84538730147,536935.6038330266,258331.16371116333
660,324157.22025380936,823410.2891133459,514004.4401137861
661,437958.1112558008,928844.4959963365,679535.3623292414
662,320256.9069923913,607668.6526871576,412671.7773081233
663,275112.9555474303,738285.4789541707,396593.7942086904
664,329681.1749553504,731368.2138771183,447198.6577701391
665,373740.5789193476,704468.310939538,507336.3251270775
666,319689.61948055064,667859.1996705555,412721.56401490944
667,408841.8419840272,725247.4298587262,567711.24043469
668,390441.2174808452,677815.0254742133,542103.4154775921
669,124564.0035924234,412859.7590240304,151039.55844548772
670,361069.7608507583,720456.4636163675,491078.465993988
671,159171.37522585216,422164.6997457731,191994.5093749388
672,317134.5715805922,745148.0505524627,449046.6615779026
673,358244.46398875467,727127.7787679994,493451.7211052952
674,390269.5604361057,825907.9765643548,473366.9945031231
675,261903.19260672425,495843.56190623273,320352.9821524845
676,352141.0137549661,813643.4298345187,507688.0943792727
678,247765.80779762985,666204.1386524597,343103.0600496063
679,398263.58207856177,765488.5498755008,569013.6894343582
680,343294.8434729866,1303272.2781046913,960877.2625528
681,272760.0480137322,731997.5732732033,388479.8367764064
682,162109.97036353906,458217.7505758229,199785.9125942152
683,318864.92453169223,653919.2326631205,456082.2371921192
684,115655.15286540624,393014.3603910513,138759.71811889744
685,365455.8523012166,966781.4155556058,494280.7581487803
686,540127.5348704251,960808.4990265146,826857.9530136538
687,296211.0248262743,559959.0860822505,362491.5994305024
688,255691.20879773705,464132.5055551029,302128.3941802389
689,405684.1337455108,903273.3768566102,630459.9667306362
690,334385.1141917496,651914.5959012503,441755.3709497334
691,415220.6460083433,943704.0733241262,687705.6400817062
692,179405.69298448626,395742.7216370285,206496.2092156254
693,461829.0608071399,1032004.1521985908,770414.652540556
694,344856.12223009,858376.1668299212,448970.2789541962
695,408956.4988644445,918808.3971682192,614306.7010995927
696,351366.9036110063,713200.402026832,465643.6797386884
697,280802.89588557533,660538.8807587693,362357.93621659867
698,363771.8882603943,783238.9496586745,520242.0864434151
699,287463.22173044697,412809.9574895211,333336.4829438461
700,282652.5715921781,653953.9493188733,354058.19001867296
701,230463.07605850475,599824.5704501917,304188.9504927562
702,367885.1611340421,711316.7810244533,504040.9897739949
703,219610.9494579094,630429.6783741522,303809.3572827529
705,338949.9240653243,788125.7183777503,490760.68144093634
706,361042.11878096254,435015.7166095054,444434.4471005012
707,282679.9992037211,703422.9418840129,392631.7056226707
708,428652.4334588527,842863.8550788297,567378.7286973579
709,193795.4804852287,519292.1981785786,245029.14118338143
710,166983.1603202063,407076.9844308011,199216.2308049393
711,556995.3508148382,1039972.5872801092,899421.570024349
712,267376.9293163372,601850.493851089,351469.93357299693
713,460164.3440984329,896763.9533856566,687405.2911233285
714,389872.8810865631,803556.5842758047,560387.1823841901
715,273009.2078458591,568930.3760979899,348374.3224172623
716,268055.8705939407,705613.5768819988,375305.5098687697
717,398262.1549127765,763781.9620130135,554890.1050114813
718,505833.5960958937,907200.0388703558,751769.3247456843
720,328836.99712841853,661215.1495454115,468477.5100010148
722,455844.5715782853,1083608.1972175636,777743.0303614748
723,610988.9145950776,1182564.8672022377,1086959.5988573304
725,399903.6286355283,1015367.9038692724,630667.7887198596
726,331759.8073599057,988519.7811042252,707208.0579276558
727,490119.4781583985,937524.8781470628,728534.3358324068
728,358135.5346217597,769490.2644760929,442462.82628851454
729,215024.40878949696,581538.4208493361,281819.2704673032
730,531323.6985396878,939804.0162960124,801480.488985318
731,236690.10716895972,636396.189714625,319415.5626292397
732,227126.61450485597,651325.194917619,310446.5832176675
733,274156.10266426456,631106.5729163424,322357.1402847207
736,182615.17398045125,445770.8699066333,221984.2401765157
737,216243.9965061232,547613.599269052,277145.9994660139
738,394390.5016696236,727261.1486066576,534375.9708770262
739,364400.8640959303,832171.4242804507,540017.1026902844
740,401383.9040987037,935851.608811783,655890.922601104
741,266434.36137963703,807314.7322550879,401891.3667916143
742,307350.2116988914,701540.7313615095,448582.93591918505
743,374446.85287458735,654539.681007125,553184.4743783966
744,234031.18563173275,645971.8121164574,318176.8704228601
745,327410.51649929606,599443.2194246217,415203.56310348713
746,443434.791850285,892725.0242801358,667326.8763770337
747,361458.1895907881,965329.4437458344,595455.0865553903
748,289166.3981265509,707247.6713164025,402696.3206346119
749,222210.06670620583,503277.788750641,276434.22239490715
750,301155.0536352667,771015.3642405306,432641.1689014292
751,470720.1972331232,970169.4142648173,727717.0891114842
752,359480.2398741987,840091.7876241961,536486.995306737
753,363091.2928295013,844014.2776950032,552139.9437307876
754,338715.10396453494,566597.9678145727,425972.7424033285
755,283362.5975966389,834232.8256557636,450735.19408767327
756,453352.49781013903,944528.6735653958,737742.6020562092
757,120310.06880598069,465854.1325129405,144486.34731253888
758,447015.3032077089,945819.5016562104,736512.4361867355
759,397153.8981791275,731451.2287020425,541480.8477327827
760,297006.0304320288,758918.7913542156,384750.5389083826
761,304880.8059290101,949963.6285136032,455193.80985659146
762,164585.62239716883,429347.5740918546,207882.61143138705
763,529696.6750410681,965914.6091212254,832327.4351127555
764,524216.703904196,1127467.1694208262,924284.5106588454
765,231720.7214631005,443758.9614243167,273931.08077921474
766,250711.32338962445,625262.6731748432,332991.3185591856
767,272741.3470143152,703658.0637353809,355851.9786445224
768,119915.37381474194,402734.6005352859,146560.79563767873
769,214907.36160662543,587609.2114077322,258538.47384822945
770,158368.04132120888,556747.1812191422,188464.46913012612
771,237922.0625792255,362757.5233690265,277120.054723594
772,260922.562824742,614896.7587623057,344325.0816148424
773,378997.601946327,668268.2874415104,512433.6640402063
774,258839.40322478357,772683.7389646154,360147.20246206765
775,446973.9914996085,866129.88559903,658662.3650110307
776,468328.69112765056,998797.8540105555,758484.275714375
777,392014.83381840953,749317.1250288099,619533.3410923205
778,189994.9216952821,440900.2308905464,229649.85679885303
779,320083.8950328768,783009.9072072082,387310.048328361
780,275716.61834728345,628154.6527134447,365211.0604424083
781,158980.7900934385,456604.9486634021,189502.4272633529
782,406851.6727651194,942684.4098608232,564024.6424784143
783,193282.37736030133,582266.4345642492,258902.63757882797
784,365285.26348377176,861547.3683262792,517016.0151267239
785,304665.0559448556,492201.6415387304,342590.34350393666
786,300103.7568894045,866579.4431123523,476175.5684944909
787,209848.9388062043,492882.06365378137,270040.4736134888
788,234081.28176284852,530767.129740523,257967.0281480311
789,464980.7470562585,1154168.7720181576,862491.5426777973
790,189379.38800711228,451908.69649744296,230573.8532258083
791,465971.0046335884,944831.2241115808,748306.4385770634
792,390950.638308989,616865.6198949793,489881.0349081849
793,502528.02709864086,1030660.9346407764,823323.6586811295
794,304381.1765099879,636083.380804418,419102.1243794931
795,278058.2754890232,738549.6615188037,424083.0872025192
796,595774.7299645344,1065942.4560932722,1036998.6020549238
797,321956.69204991026,846020.7919320206,459702.8660378509
798,293548.10212400026,701223.1336393129,407020.0434731652
799,382630.0228910354,983242.5129137764,632094.129226313
800,351946.2272610166,914960.1442976596,558158.7856103336
801,316171.816053578,943592.8599404328,520407.6567261421
802,226881.48676915508,639624.6909694946,308083.05196827505
803,273268.1583864032,551671.0248713866,344825.9708247112
804,546819.4411430447,1059055.099840495,900591.9633219102
805,191166.87761471845,425966.3515983569,237899.8143600592
806,251711.7474483832,400477.7906913764,295371.1371662635
807,331686.9224857752,648379.8047799406,437160.1311699512
808,362687.62912558747,788005.3822048778,520516.7393966
809,534790.8209862931,925481.08790385,811548.171908001
810,404358.4323507919,819951.4650844499,568111.2961308925
811,305570.9976679431,403223.69400450855,369367.4234851867
812,384028.2958410066,834977.1014960017,524082.408884581
813,402111.1149629101,690181.2211456851,532304.0017340048
814,282690.75884806365,527582.5043567284,359880.5294813506
815,426442.14839815657,1165815.0350706796,816156.4679492223
816,446326.8585484825,762003.4294580142,652126.2074300859
817,451101.4384947778,963720.8150826287,714996.209909564
818,378461.1279940012,780093.0926285984,544393.3397701147
819,447962.76101445657,875772.2009673915,639757.3987050216
820,274021.1969439761,666717.109095649,372849.551393238
821,202262.6134529794,514666.8628305355,254986.8360562049
823,498750.3460528136,1036980.1754042266,833670.6936924134
824,164425.781673493,435767.80569379136,200849.07506704328
825,361992.965567742,818210.8384155105,555190.4720053277
826,339587.54346726154,858759.8332657464,523098.6483709543
827,368135.9513924194,632030.9457896986,486024.1388326565
828,331318.7801238045,692123.7240548624,470471.65436192974
829,446532.90677240817,1038299.8424973072,753629.5565944951
830,405823.6284809121,582918.1553461426,551717.8305996753
831,405994.26378366,643135.8085625021,565580.7999288364
832,218829.24517784512,544616.6299164748,264748.85054659616
833,162161.49416818313,406553.7541158596,196360.20154340944
834,418543.7304153166,843636.0030403793,622521.9444498891
835,490733.4192238421,970762.1789278114,773432.0756918156
836,443368.6503996814,825428.3168530192,667284.0531850521
837,353035.42096108483,732814.8947592366,489069.3806463217
838,402976.2417012981,910666.5620304388,624316.2418641574
839,297345.69540974515,537255.5314037377,370197.2481798145
840,319939.2402717577,578564.6532921159,385422.0343635867
841,304884.18430583645,769683.4013086222,441074.9158731268
842,239825.2538410511,529831.2619556938,301634.56663925014
843,328698.29785696766,871276.577683924,468962.6862483887
844,519647.8113405043,1230936.8516575978,1060806.8589362064
845,498404.10017998086,933690.0528331088,811140.1002879073
846,229605.37389329108,614896.0393127783,290949.01629569865
847,446357.7850603376,703413.3417177704,619490.0484062379
848,270335.2163812228,702654.8315536892,352852.017520455
849,397477.7847266499,1141388.729642265,662827.330700775
850,377498.4298474251,733982.2671936357,506771.287950484
851,441182.11898318445,923550.3224334872,680309.6761195945
852,393230.7832296202,571901.5061122864,531620.2687767531
853,358141.467068745,719183.7943967544,481049.5506049551
854,215994.04214074623,580663.4251605797,282769.8608247607
855,360703.8879373611,951726.9599896484,623931.6141988275
856,408775.7031388486,827673.403297185,587598.2807261482
857,521790.74426620686,993145.8043001984,702170.978441785
858,450177.7197162667,947855.7555872082,648985.9178416106
859,243780.7646986231,611338.5424507668,322624.65688414034
860,137879.86806216062,520311.1006377754,178067.47263525697
861,304371.30953616765,747693.006960546,419815.3063094059
862,173233.3782994744,535579.1270349948,215552.20051515396
863,274744.3324798359,800760.1219495696,410676.3517434893
864,506400.6728208277,956166.4828003484,796857.963569116
866,361377.2647451194,751691.9532976875,505777.6311822082
867,155209.41566159428,372277.1675779087,182028.92233124716
868,249645.05583092407,521727.41391081474,312828.42642351025
869,172169.4626625845,469512.3028438536,214437.98607474245
870,491185.0911597291,1088586.6313098937,707392.4579380143
871,171168.0323084843,524408.7376692663,209500.59183654288
872,243233.85919863623,580806.3019811064,321785.6376584927
873,565833.9651360805,1072528.305165571,984123.683780797
874,432611.182346045,929126.2471966946,672091.6957795375
875,310524.32171092264,715029.7571190014,431857.356734078
876,400957.4916457938,767609.3164548078,562766.4589459806
878,179188.92190296118,460055.7821804871,214983.8868447205
879,393911.74039169896,1008859.6873833046,663109.2407965783
880,198239.5672237182,470049.6251997533,236469.55752225092
881,301350.4967007273,757568.463182966,433554.26922786457
882,107329.41237819892,404538.6756851814,131079.23788743268
883,168187.9119731839,393171.4659822815,199054.7442461981
884,340422.31073012954,851095.0834997358,516042.0644238376
885,247105.3056746957,749015.9417855995,352601.0716293802
886,517357.39097280905,1120517.4479288138,909144.789476436
887,386062.0626914941,805830.4381868741,556605.9719872293
888,363031.6159857075,706407.1573052828,507579.3366755395
889,203611.09937617063,461280.66768659366,248174.94102144745
890,252118.7109485788,560090.4579010727,277525.3449324582
891,239421.1372553614,479238.2800391418,290409.7740058
892,481583.483746475,1012539.8909752914,805306.1039323652
893,263988.4678801106,680848.8609635144,363733.2607900501
894,397275.82322853885,807264.4280590914,600137.8011660029
895,284497.85417931265,481384.3037423564,342085.7702436738
896,106901.6534627034,361057.6218374068,123375.70272105212
897,637847.635045953,1034428.7995920754,993502.3651531012
898,384889.2616445029,890528.5506717546,590811.1600344692
899,739975.1713817503,1302968.5222898156,1387000.3255282124
900,364772.55648470187,949160.2853229154,591616.0924544557
901,280414.8949337194,513864.2734932182,343913.9553551628
902,306895.0660718946,468978.2062838094,364363.6471745144
903,306581.0261315025,670908.7641742748,408720.8798886343
904,364000.9308138045,825619.2768403415,541014.5722177828
905,413502.7007924597,1062724.7667662222,722891.0190846123
906,252965.78042524532,610233.583628594,333902.7977046736
907,309520.7628744544,762224.4571547932,429032.0007121388
908,217772.5331969057,575756.8345566599,283038.4320237201
909,288884.4424782325,558374.675536812,364185.2310667294
910,177906.42364881624,483780.9642160952,208007.15957257425
911,371014.8921170481,876337.4364273434,539667.1855777559
912,261079.4192874485,725656.9495531026,371408.7976963848
913,320812.7279570673,829387.8550715037,428358.6925520044
914,278781.52454443823,603030.5462219445,364451.104998005
915,288257.35618759546,674156.4655057373,379041.0852983277
916,327759.8870920675,798622.8248108667,498737.1826719472
917,463257.1163702022,1195369.961142275,923645.5639052376
918,356675.1524241741,925725.7338868764,569490.3813138678
919,331508.9793754253,716735.3890909394,465913.5053251373
920,204169.85684416088,478128.6036455707,217839.88517176383
922,262327.8381122734,550090.8886508904,339710.52271608723
923,413187.2824198923,986616.4158022382,692697.9917444033
924,475990.708471166,1229990.8642502364,944423.4121220307
925,266675.27362863853,715254.3527784183,361282.5388032851
926,351416.05449285766,888605.666606383,546087.4980786972
927,318959.859430016,682760.4591034711,432691.1470746099
928,388171.3422065513,810392.6975386844,560040.9036626954
929,287372.75472678785,672332.6855443944,386563.79250704026
930,515447.9552429649,938815.876703687,768986.7997077457
931,307925.4536959412,916321.679158248,610959.2748196654
932,234163.78871670185,656809.4937977359,311969.8936617198
933,648744.2476330466,998942.8233333256,994435.1688274668
934,233957.08864646824,534562.3332243342,254343.10466725347
935,294974.231566424,438366.208367175,340651.3217456659
936,209141.2489564552,411643.0454218173,251438.77940991323
937,459339.4539372735,949292.2122227672,614869.3695611042
938,330452.7525825836,878014.1362888914,620371.5267899947
939,394243.7853363838,877167.4361945001,590968.4767711993
940,268624.2380954044,670863.3720501986,371729.7587396669
941,396221.4860351549,751567.0517299662,554325.4822196467
942,429954.0375360184,1056021.3224750047,760695.7645982722
943,408297.80977079045,1099990.7603023376,547220.3095863862
944,334874.1947062352,803487.1158806336,491035.8328288582
945,169138.93722458874,437668.0304528016,205406.8107664808
946,200594.39297653528,625170.6046802432,265133.00448258664
947,326468.5061908438,841008.6105053251,509473.06393842126
948,545126.3935707557,1077363.2931247726,918746.2758741794
949,333259.93247665133,846994.5832599397,505172.2140792869
950,292240.21884722286,646116.6444301789,424315.31602637673
951,490957.16843977314,1295085.255270641,1034381.0314460864
952,445627.4815600046,758826.5391384999,608773.1935397764
953,342038.83793306217,748698.4731235587,469500.7024239757
954,357205.0716492274,726419.9746671818,491956.411989469
955,370570.4500670246,696924.8803388425,483848.8073995763
956,370742.3940016959,840974.7825556292,551538.5845409919
957,410415.1339766774,931114.117771662,572008.8288736673
958,221358.4590293272,590586.7589331075,267230.0341201091
959,398717.4680121861,931052.007040389,573271.4608515203
960,271937.0789620109,670370.3595192924,361001.064682406
961,285826.0142383665,590597.4724287678,388359.8447671562
962,400452.8694424938,716202.5806009691,539685.4238185713
963,253391.42289605996,956765.038209946,538805.6834034297
964,181599.25941542105,607735.5828227001,235293.04167168212
965,389910.4716407937,888707.1523795731,598349.0614547909
966,178593.63568559554,590674.958314332,226853.4412161914
968,391836.260633895,762902.4291457491,546266.6628568517
969,399498.67735807976,914235.3613899528,621539.6338581482
970,352279.9464453415,651037.9855436794,461975.7420082519
971,292519.3853697575,789030.3935171124,431241.07785983616
972,354226.32513898006,850926.7968246714,503449.5615473689
973,301522.0314331866,742872.4589996577,428334.1658049624
974,403472.3245122824,1041471.3098138146,701854.8863362038
975,280944.3841736238,693734.0983915488,389267.0319396129
976,237124.25395931627,602961.2719227154,315485.7034839316
977,234019.5027906344,414055.6789092284,274839.4970364457
978,153216.23551545508,572673.5156851002,179626.0682008886
979,413485.203299103,865557.0430853412,595103.7096487453
980,263097.80479867826,548820.0219649611,329801.88641965535
981,302924.0377257239,824132.7357593081,415100.1537421759
982,299764.10821183486,629172.382273775,409672.8250187002
984,329577.47304707684,1136285.13770633,741220.3676146813
985,483171.211339633,751995.5857346968,669009.8442553944
986,191526.87655043675,554898.1223411335,242198.0102466725
987,262618.0532550611,427748.9514250161,303304.2133635825
988,410410.9368187772,854379.0364277432,626314.9692773486
989,278609.72785534966,661055.6712443399,369419.9094575375
990,191106.13884151485,457685.6459265879,218858.9621208741
991,491581.17341465934,913136.0510712694,739088.4927514215
992,301499.3734840744,799536.2674966225,443630.4215680906
993,257264.45340071732,701999.0734200161,361656.446175478
994,268175.5140675726,620002.0032740891,349552.45937986486
996,497972.59312338114,1010800.7311816782,826607.1097551392
997,337908.0655865552,776094.6000707652,427756.8764263856
998,257507.5934920195,409563.75588298,299355.1807778499
999,439421.0427530997,729719.7747691884,540330.7600417179
